voc_id,customer_id,received_date,channel,voc_type,category,content,sentiment
V0001,C001,2024-01-30,앱리뷰,문의,품질,품질 관련하여 문의 사항을 전달드립니다.,중립
V0002,C001,2024-09-17,고객센터전화,제안,요금,요금 관련하여 제안 사항을 전달드립니다.,중립
V0003,C001,2024-06-10,앱리뷰,불만,요금,이번 달 요금이 갑자기 많이 나왔어요. 설명 없이 올린 건가요?,부정
V0004,C002,2024-03-25,SNS,불만,요금,요금제 변경했는데 다음 달에도 기존 요금이 청구됐어요. 환불해 주세요.,부정
V0005,C002,2024-12-14,이메일,제안,해지관련,해지관련 관련하여 제안 사항을 전달드립니다.,중립
V0006,C003,2024-07-13,고객센터전화,문의,서비스,현재 가입된 부가서비스 목록을 어디서 확인하나요?,중립
V0007,C003,2024-11-01,앱리뷰,불만,품질,통화 중에 자꾸 끊깁니다. 몇 번을 신고해도 나아지질 않네요.,부정
V0008,C003,2024-03-22,이메일,문의,앱기능,앱기능 관련하여 문의 사항을 전달드립니다.,중립
V0009,C003,2024-06-11,고객센터전화,문의,요금,이번 달 요금이 어떻게 구성된 건지 자세히 알고 싶어요.,중립
V0010,C004,2024-05-21,고객센터전화,불만,요금,요금제 변경했는데 다음 달에도 기존 요금이 청구됐어요. 환불해 주세요.,부정
V0011,C005,2024-07-14,앱리뷰,문의,품질,품질 관련하여 문의 사항을 전달드립니다.,중립
V0012,C006,2024-03-30,고객센터전화,문의,요금,이번 달 요금이 어떻게 구성된 건지 자세히 알고 싶어요.,중립
V0013,C006,2024-04-20,고객센터전화,불만,기타,기타 관련하여 불만 사항을 전달드립니다.,부정
V0014,C007,2024-05-03,SNS,제안,해지관련,해지관련 관련하여 제안 사항을 전달드립니다.,중립
V0015,C007,2024-05-13,이메일,불만,요금,자동이체가 제대로 안 되는데 연체료까지 붙었어요. 너무 황당합니다.,부정
V0016,C007,2024-11-14,앱리뷰,문의,서비스,해외 로밍 서비스 신청 방법이 궁금합니다.,중립
V0017,C007,2024-01-03,고객센터전화,문의,요금,이번 달 요금이 어떻게 구성된 건지 자세히 알고 싶어요.,중립
V0018,C008,2024-12-25,SNS,칭찬,품질,품질 관련하여 칭찬 사항을 전달드립니다.,긍정
V0019,C008,2024-03-26,고객센터전화,칭찬,요금,요금 관련하여 칭찬 사항을 전달드립니다.,긍정
V0020,C008,2024-09-28,고객센터전화,불만,앱기능,앱에서 요금 명세서를 찾을 수가 없어요. UI가 너무 불편해요.,부정
V0021,C008,2024-01-29,이메일,제안,품질,품질 관련하여 제안 사항을 전달드립니다.,중립
V0022,C009,2024-12-08,앱리뷰,칭찬,서비스,앱 업데이트 후 많이 편해졌어요. 개발팀 수고하셨습니다.,긍정
V0023,C009,2024-11-12,SNS,불만,기타,기타 관련하여 불만 사항을 전달드립니다.,부정
V0024,C009,2024-07-19,이메일,제안,품질,품질 관련하여 제안 사항을 전달드립니다.,중립
V0025,C009,2024-11-13,이메일,불만,서비스,상담사를 기다리다가 30분이 지났는데 아직도 연결이 안 돼요.,부정
V0026,C010,2024-07-20,고객센터전화,불만,앱기능,로그인이 계속 풀려요. 생체인증이 제대로 작동하지 않아요.,부정
V0027,C010,2024-07-07,SNS,불만,품질,어제부터 데이터 속도가 너무 느려요. 거의 쓸 수가 없어요.,부정
V0028,C010,2024-03-22,고객센터전화,불만,앱기능,로그인이 계속 풀려요. 생체인증이 제대로 작동하지 않아요.,부정
V0029,C010,2024-11-23,이메일,제안,서비스,장기 고객에게 특별 혜택을 주는 프로그램이 있으면 좋겠어요.,중립
V0030,C011,2024-08-07,고객센터전화,불만,요금,이번 달 요금이 갑자기 많이 나왔어요. 설명 없이 올린 건가요?,부정
V0031,C011,2024-11-06,SNS,문의,요금,가족결합 할인은 어떻게 신청하나요?,중립
V0032,C011,2024-07-16,SNS,불만,품질,집에서 신호가 너무 약해요. 와이파이 없으면 데이터가 안 잡혀요.,부정
V0033,C011,2024-07-19,고객센터전화,불만,서비스,상담사를 기다리다가 30분이 지났는데 아직도 연결이 안 돼요.,부정
V0034,C011,2024-06-01,앱리뷰,문의,요금,포인트를 요금에서 차감할 수 있는지 궁금합니다.,중립
V0035,C011,2024-02-21,앱리뷰,불만,앱기능,로그인이 계속 풀려요. 생체인증이 제대로 작동하지 않아요.,부정
V0036,C011,2024-02-13,앱리뷰,불만,해지관련,해지 신청 후에도 요금이 계속 청구되고 있어요.,부정
V0037,C012,2024-04-20,이메일,문의,앱기능,앱기능 관련하여 문의 사항을 전달드립니다.,중립
V0038,C012,2024-09-09,고객센터전화,문의,해지관련,해지관련 관련하여 문의 사항을 전달드립니다.,중립
V0039,C012,2024-10-21,앱리뷰,칭찬,요금,요금 관련하여 칭찬 사항을 전달드립니다.,긍정
V0040,C013,2024-01-19,앱리뷰,불만,서비스,같은 문제로 세 번째 전화하고 있어요. 매번 처음부터 설명해야 하나요?,부정
V0041,C013,2024-03-10,SNS,불만,요금,자동이체가 제대로 안 되는데 연체료까지 붙었어요. 너무 황당합니다.,부정
V0042,C013,2024-09-10,앱리뷰,불만,앱기능,앱이 자꾸 튕겨요. 업데이트 후부터 더 심해졌어요.,부정
V0043,C013,2024-01-04,고객센터전화,불만,서비스,같은 문제로 세 번째 전화하고 있어요. 매번 처음부터 설명해야 하나요?,부정
V0044,C014,2024-02-01,앱리뷰,불만,품질,어제부터 데이터 속도가 너무 느려요. 거의 쓸 수가 없어요.,부정
V0045,C015,2024-10-20,SNS,문의,품질,품질 관련하여 문의 사항을 전달드립니다.,중립
V0046,C016,2024-03-28,SNS,문의,서비스,명의변경 절차가 어떻게 되나요?,중립
V0047,C017,2024-08-28,고객센터전화,제안,요금,요금 관련하여 제안 사항을 전달드립니다.,중립
V0048,C017,2024-08-21,고객센터전화,문의,서비스,해외 로밍 서비스 신청 방법이 궁금합니다.,중립
V0049,C017,2024-10-17,고객센터전화,불만,해지관련,해지하려는데 위약금 설명이 너무 복잡해요. 명확하게 알려주세요.,부정
V0050,C018,2024-07-24,앱리뷰,제안,요금,요금 관련하여 제안 사항을 전달드립니다.,중립
V0051,C018,2024-04-06,SNS,제안,해지관련,해지관련 관련하여 제안 사항을 전달드립니다.,중립
V0052,C018,2024-09-13,이메일,칭찬,요금,요금 관련하여 칭찬 사항을 전달드립니다.,긍정
V0053,C019,2024-11-03,SNS,불만,요금,이번 달 요금이 갑자기 많이 나왔어요. 설명 없이 올린 건가요?,부정
V0054,C019,2024-02-08,고객센터전화,불만,서비스,같은 문제로 세 번째 전화하고 있어요. 매번 처음부터 설명해야 하나요?,부정
V0055,C019,2024-07-26,이메일,제안,해지관련,해지관련 관련하여 제안 사항을 전달드립니다.,중립
V0056,C020,2024-12-02,고객센터전화,문의,요금,이번 달 요금이 어떻게 구성된 건지 자세히 알고 싶어요.,중립
V0057,C020,2024-10-26,고객센터전화,칭찬,기타,기타 관련하여 칭찬 사항을 전달드립니다.,긍정
V0058,C020,2024-10-28,앱리뷰,불만,서비스,상담사를 기다리다가 30분이 지났는데 아직도 연결이 안 돼요.,부정
V0059,C021,2024-12-25,고객센터전화,불만,요금,이번 달 요금이 갑자기 많이 나왔어요. 설명 없이 올린 건가요?,부정
V0060,C021,2024-04-28,고객센터전화,불만,품질,통화 중에 자꾸 끊깁니다. 몇 번을 신고해도 나아지질 않네요.,부정
V0061,C021,2024-06-21,앱리뷰,불만,요금,요금제 변경했는데 다음 달에도 기존 요금이 청구됐어요. 환불해 주세요.,부정
V0062,C021,2024-08-14,이메일,제안,서비스,고객 등급제를 도입해서 충성 고객에게 혜택을 줬으면 해요.,중립
V0063,C022,2024-06-14,앱리뷰,불만,서비스,해지하려고 전화했더니 계속 다른 팀으로 돌리기만 해요.,부정
V0064,C023,2024-09-23,앱리뷰,불만,해지관련,해지 신청 후에도 요금이 계속 청구되고 있어요.,부정
V0065,C023,2024-06-06,이메일,문의,품질,품질 관련하여 문의 사항을 전달드립니다.,중립
V0066,C023,2024-10-05,앱리뷰,불만,앱기능,로그인이 계속 풀려요. 생체인증이 제대로 작동하지 않아요.,부정
V0067,C023,2024-10-02,앱리뷰,불만,품질,통화 중에 자꾸 끊깁니다. 몇 번을 신고해도 나아지질 않네요.,부정
V0068,C023,2024-09-15,앱리뷰,불만,서비스,같은 문제로 세 번째 전화하고 있어요. 매번 처음부터 설명해야 하나요?,부정
V0069,C024,2024-11-21,고객센터전화,불만,품질,집에서 신호가 너무 약해요. 와이파이 없으면 데이터가 안 잡혀요.,부정
V0070,C024,2024-05-10,앱리뷰,제안,해지관련,해지관련 관련하여 제안 사항을 전달드립니다.,중립
V0071,C025,2024-11-25,앱리뷰,제안,서비스,생일 축하 데이터 보너스 같은 이벤트를 해주세요.,중립
V0072,C025,2024-12-06,앱리뷰,불만,기타,기타 관련하여 불만 사항을 전달드립니다.,부정
V0073,C025,2024-11-21,이메일,불만,품질,집에서 신호가 너무 약해요. 와이파이 없으면 데이터가 안 잡혀요.,부정
V0074,C025,2024-10-16,고객센터전화,제안,기타,기타 관련하여 제안 사항을 전달드립니다.,중립
V0075,C026,2024-05-30,앱리뷰,불만,품질,어제부터 데이터 속도가 너무 느려요. 거의 쓸 수가 없어요.,부정
V0076,C026,2024-02-17,앱리뷰,제안,품질,품질 관련하여 제안 사항을 전달드립니다.,중립
V0077,C026,2024-07-12,이메일,불만,앱기능,로그인이 계속 풀려요. 생체인증이 제대로 작동하지 않아요.,부정
V0078,C027,2024-12-26,고객센터전화,불만,서비스,같은 문제로 세 번째 전화하고 있어요. 매번 처음부터 설명해야 하나요?,부정
V0079,C027,2024-05-02,고객센터전화,불만,기타,기타 관련하여 불만 사항을 전달드립니다.,부정
V0080,C028,2024-08-20,이메일,문의,요금,이번 달 요금이 어떻게 구성된 건지 자세히 알고 싶어요.,중립
V0081,C028,2024-03-16,이메일,불만,해지관련,해지 신청 후에도 요금이 계속 청구되고 있어요.,부정
V0082,C029,2024-12-11,앱리뷰,불만,서비스,해지하려고 전화했더니 계속 다른 팀으로 돌리기만 해요.,부정
V0083,C030,2024-03-28,앱리뷰,불만,품질,집에서 신호가 너무 약해요. 와이파이 없으면 데이터가 안 잡혀요.,부정
V0084,C030,2024-10-08,고객센터전화,제안,품질,품질 관련하여 제안 사항을 전달드립니다.,중립
V0085,C030,2024-01-18,고객센터전화,제안,서비스,장기 고객에게 특별 혜택을 주는 프로그램이 있으면 좋겠어요.,중립
V0086,C031,2024-11-27,고객센터전화,불만,요금,요금제 변경했는데 다음 달에도 기존 요금이 청구됐어요. 환불해 주세요.,부정
V0087,C031,2024-09-07,앱리뷰,불만,해지관련,해지하려는데 위약금 설명이 너무 복잡해요. 명확하게 알려주세요.,부정
V0088,C031,2024-09-06,고객센터전화,불만,해지관련,번호이동 신청했는데 일주일이 지나도 진행이 안 되고 있어요.,부정
V0089,C031,2024-07-01,앱리뷰,불만,서비스,상담사를 기다리다가 30분이 지났는데 아직도 연결이 안 돼요.,부정
V0090,C032,2024-11-25,이메일,불만,해지관련,해지하려는데 위약금 설명이 너무 복잡해요. 명확하게 알려주세요.,부정
V0091,C032,2024-12-13,고객센터전화,불만,서비스,해지하려고 전화했더니 계속 다른 팀으로 돌리기만 해요.,부정
V0092,C032,2024-06-05,앱리뷰,제안,요금,요금 관련하여 제안 사항을 전달드립니다.,중립
V0093,C032,2024-11-10,고객센터전화,불만,해지관련,해지하려는데 위약금 설명이 너무 복잡해요. 명확하게 알려주세요.,부정
V0094,C033,2024-06-19,고객센터전화,제안,요금,요금 관련하여 제안 사항을 전달드립니다.,중립
V0095,C034,2024-06-27,앱리뷰,불만,요금,요금제 변경했는데 다음 달에도 기존 요금이 청구됐어요. 환불해 주세요.,부정
V0096,C035,2024-03-29,이메일,불만,서비스,같은 문제로 세 번째 전화하고 있어요. 매번 처음부터 설명해야 하나요?,부정
V0097,C035,2024-09-22,이메일,불만,서비스,상담사를 기다리다가 30분이 지났는데 아직도 연결이 안 돼요.,부정
V0098,C036,2024-03-12,이메일,문의,서비스,명의변경 절차가 어떻게 되나요?,중립
V0099,C037,2024-07-18,고객센터전화,불만,기타,기타 관련하여 불만 사항을 전달드립니다.,부정
V0100,C037,2024-01-13,고객센터전화,불만,요금,자동이체가 제대로 안 되는데 연체료까지 붙었어요. 너무 황당합니다.,부정
V0101,C037,2024-08-20,고객센터전화,불만,품질,집에서 신호가 너무 약해요. 와이파이 없으면 데이터가 안 잡혀요.,부정
V0102,C037,2024-01-14,앱리뷰,불만,요금,요금제 변경했는데 다음 달에도 기존 요금이 청구됐어요. 환불해 주세요.,부정
V0103,C038,2024-05-23,앱리뷰,칭찬,품질,품질 관련하여 칭찬 사항을 전달드립니다.,긍정
V0104,C038,2024-04-23,고객센터전화,불만,서비스,상담사를 기다리다가 30분이 지났는데 아직도 연결이 안 돼요.,부정
V0105,C039,2024-06-06,고객센터전화,불만,요금,자동이체가 제대로 안 되는데 연체료까지 붙었어요. 너무 황당합니다.,부정
V0106,C040,2024-06-18,고객센터전화,불만,품질,어제부터 데이터 속도가 너무 느려요. 거의 쓸 수가 없어요.,부정
V0107,C041,2024-04-11,이메일,불만,앱기능,로그인이 계속 풀려요. 생체인증이 제대로 작동하지 않아요.,부정
V0108,C041,2024-04-25,SNS,불만,품질,어제부터 데이터 속도가 너무 느려요. 거의 쓸 수가 없어요.,부정
V0109,C041,2024-12-29,이메일,불만,기타,기타 관련하여 불만 사항을 전달드립니다.,부정
V0110,C042,2024-04-22,SNS,불만,요금,이번 달 요금이 갑자기 많이 나왔어요. 설명 없이 올린 건가요?,부정
V0111,C043,2024-06-05,고객센터전화,불만,해지관련,해지 신청 후에도 요금이 계속 청구되고 있어요.,부정
V0112,C045,2024-07-15,고객센터전화,칭찬,서비스,앱 업데이트 후 많이 편해졌어요. 개발팀 수고하셨습니다.,긍정
V0113,C045,2024-12-20,앱리뷰,불만,기타,기타 관련하여 불만 사항을 전달드립니다.,부정
V0114,C045,2024-01-17,앱리뷰,제안,앱기능,요금 명세서를 그래프로 보여주는 기능이 있으면 좋겠어요.,중립
V0115,C045,2024-04-30,앱리뷰,제안,서비스,고객 등급제를 도입해서 충성 고객에게 혜택을 줬으면 해요.,중립
V0116,C046,2024-09-22,이메일,불만,품질,어제부터 데이터 속도가 너무 느려요. 거의 쓸 수가 없어요.,부정
V0117,C046,2024-05-08,고객센터전화,불만,요금,자동이체가 제대로 안 되는데 연체료까지 붙었어요. 너무 황당합니다.,부정
V0118,C046,2024-06-07,앱리뷰,불만,품질,통화 중에 자꾸 끊깁니다. 몇 번을 신고해도 나아지질 않네요.,부정
V0119,C046,2024-07-08,앱리뷰,불만,요금,요금제 변경했는데 다음 달에도 기존 요금이 청구됐어요. 환불해 주세요.,부정
V0120,C047,2024-01-05,이메일,제안,품질,품질 관련하여 제안 사항을 전달드립니다.,중립
V0121,C048,2024-12-09,앱리뷰,문의,품질,품질 관련하여 문의 사항을 전달드립니다.,중립
V0122,C048,2024-09-29,이메일,불만,요금,자동이체가 제대로 안 되는데 연체료까지 붙었어요. 너무 황당합니다.,부정
V0123,C048,2024-01-24,앱리뷰,제안,품질,품질 관련하여 제안 사항을 전달드립니다.,중립
V0124,C049,2024-09-30,SNS,불만,해지관련,번호이동 신청했는데 일주일이 지나도 진행이 안 되고 있어요.,부정
V0125,C049,2024-11-05,SNS,제안,서비스,생일 축하 데이터 보너스 같은 이벤트를 해주세요.,중립
V0126,C050,2024-03-14,고객센터전화,제안,요금,요금 관련하여 제안 사항을 전달드립니다.,중립
V0127,C050,2024-02-10,고객센터전화,칭찬,앱기능,앱기능 관련하여 칭찬 사항을 전달드립니다.,긍정
V0128,C050,2024-10-23,앱리뷰,칭찬,서비스,앱 업데이트 후 많이 편해졌어요. 개발팀 수고하셨습니다.,긍정
V0129,C051,2024-12-04,SNS,불만,서비스,해지하려고 전화했더니 계속 다른 팀으로 돌리기만 해요.,부정
V0130,C051,2024-11-20,앱리뷰,불만,해지관련,해지하려는데 위약금 설명이 너무 복잡해요. 명확하게 알려주세요.,부정
V0131,C052,2024-12-04,SNS,불만,서비스,같은 문제로 세 번째 전화하고 있어요. 매번 처음부터 설명해야 하나요?,부정
V0132,C052,2024-06-19,SNS,제안,요금,요금 관련하여 제안 사항을 전달드립니다.,중립
V0133,C052,2024-10-04,앱리뷰,불만,서비스,같은 문제로 세 번째 전화하고 있어요. 매번 처음부터 설명해야 하나요?,부정
V0134,C052,2024-08-28,이메일,불만,앱기능,로그인이 계속 풀려요. 생체인증이 제대로 작동하지 않아요.,부정
V0135,C053,2024-08-08,이메일,제안,기타,기타 관련하여 제안 사항을 전달드립니다.,중립
V0136,C053,2024-10-22,고객센터전화,불만,요금,이번 달 요금이 갑자기 많이 나왔어요. 설명 없이 올린 건가요?,부정
V0137,C053,2024-04-18,SNS,문의,기타,기타 관련하여 문의 사항을 전달드립니다.,중립
V0138,C053,2024-04-08,고객센터전화,칭찬,품질,품질 관련하여 칭찬 사항을 전달드립니다.,긍정
V0139,C054,2024-08-27,이메일,문의,서비스,해외 로밍 서비스 신청 방법이 궁금합니다.,중립
V0140,C054,2024-02-28,앱리뷰,불만,해지관련,해지 신청 후에도 요금이 계속 청구되고 있어요.,부정
V0141,C054,2024-03-21,앱리뷰,칭찬,서비스,앱 업데이트 후 많이 편해졌어요. 개발팀 수고하셨습니다.,긍정
V0142,C055,2024-04-02,고객센터전화,불만,품질,어제부터 데이터 속도가 너무 느려요. 거의 쓸 수가 없어요.,부정
V0143,C056,2024-12-09,고객센터전화,불만,요금,이번 달 요금이 갑자기 많이 나왔어요. 설명 없이 올린 건가요?,부정
V0144,C056,2024-03-16,SNS,제안,기타,기타 관련하여 제안 사항을 전달드립니다.,중립
V0145,C056,2024-07-27,앱리뷰,칭찬,해지관련,해지관련 관련하여 칭찬 사항을 전달드립니다.,긍정
V0146,C056,2024-12-22,고객센터전화,불만,품질,어제부터 데이터 속도가 너무 느려요. 거의 쓸 수가 없어요.,부정
V0147,C057,2024-08-21,앱리뷰,불만,품질,집에서 신호가 너무 약해요. 와이파이 없으면 데이터가 안 잡혀요.,부정
V0148,C057,2024-10-05,이메일,불만,품질,집에서 신호가 너무 약해요. 와이파이 없으면 데이터가 안 잡혀요.,부정
V0149,C057,2024-08-27,고객센터전화,제안,요금,요금 관련하여 제안 사항을 전달드립니다.,중립
V0150,C060,2024-09-19,이메일,불만,앱기능,앱에서 요금 명세서를 찾을 수가 없어요. UI가 너무 불편해요.,부정
V0151,C060,2024-04-06,SNS,문의,앱기능,앱기능 관련하여 문의 사항을 전달드립니다.,중립
V0152,C060,2024-09-12,고객센터전화,불만,요금,자동이체가 제대로 안 되는데 연체료까지 붙었어요. 너무 황당합니다.,부정
V0153,C060,2024-04-21,SNS,제안,서비스,생일 축하 데이터 보너스 같은 이벤트를 해주세요.,중립
V0154,C061,2024-12-04,앱리뷰,불만,서비스,같은 문제로 세 번째 전화하고 있어요. 매번 처음부터 설명해야 하나요?,부정
V0155,C061,2024-12-13,고객센터전화,불만,해지관련,번호이동 신청했는데 일주일이 지나도 진행이 안 되고 있어요.,부정
V0156,C061,2024-02-20,이메일,불만,품질,집에서 신호가 너무 약해요. 와이파이 없으면 데이터가 안 잡혀요.,부정
V0157,C061,2024-03-05,앱리뷰,불만,기타,기타 관련하여 불만 사항을 전달드립니다.,부정
V0158,C061,2024-02-26,고객센터전화,불만,앱기능,앱이 자꾸 튕겨요. 업데이트 후부터 더 심해졌어요.,부정
V0159,C061,2024-02-24,고객센터전화,문의,해지관련,해지관련 관련하여 문의 사항을 전달드립니다.,중립
V0160,C061,2024-12-09,고객센터전화,불만,서비스,상담사를 기다리다가 30분이 지났는데 아직도 연결이 안 돼요.,부정
V0161,C062,2024-06-03,SNS,불만,해지관련,번호이동 신청했는데 일주일이 지나도 진행이 안 되고 있어요.,부정
V0162,C063,2024-05-01,이메일,불만,요금,이번 달 요금이 갑자기 많이 나왔어요. 설명 없이 올린 건가요?,부정
V0163,C064,2024-01-03,이메일,문의,요금,이번 달 요금이 어떻게 구성된 건지 자세히 알고 싶어요.,중립
V0164,C064,2024-03-31,이메일,문의,해지관련,해지관련 관련하여 문의 사항을 전달드립니다.,중립
V0165,C064,2024-08-15,SNS,불만,해지관련,번호이동 신청했는데 일주일이 지나도 진행이 안 되고 있어요.,부정
V0166,C064,2024-07-06,이메일,불만,해지관련,해지하려는데 위약금 설명이 너무 복잡해요. 명확하게 알려주세요.,부정
V0167,C064,2024-08-12,앱리뷰,불만,요금,요금제 변경했는데 다음 달에도 기존 요금이 청구됐어요. 환불해 주세요.,부정
V0168,C064,2024-01-18,앱리뷰,불만,서비스,해지하려고 전화했더니 계속 다른 팀으로 돌리기만 해요.,부정
V0169,C065,2024-09-30,고객센터전화,제안,요금,요금 관련하여 제안 사항을 전달드립니다.,중립
V0170,C065,2024-06-06,앱리뷰,불만,서비스,해지하려고 전화했더니 계속 다른 팀으로 돌리기만 해요.,부정
V0171,C066,2024-10-27,앱리뷰,불만,서비스,상담사를 기다리다가 30분이 지났는데 아직도 연결이 안 돼요.,부정
V0172,C066,2024-09-13,앱리뷰,칭찬,요금,요금 관련하여 칭찬 사항을 전달드립니다.,긍정
V0173,C067,2024-03-21,SNS,불만,품질,집에서 신호가 너무 약해요. 와이파이 없으면 데이터가 안 잡혀요.,부정
V0174,C067,2024-07-14,고객센터전화,칭찬,서비스,앱 업데이트 후 많이 편해졌어요. 개발팀 수고하셨습니다.,긍정
V0175,C067,2024-07-03,고객센터전화,불만,품질,통화 중에 자꾸 끊깁니다. 몇 번을 신고해도 나아지질 않네요.,부정
V0176,C068,2024-09-10,앱리뷰,불만,품질,어제부터 데이터 속도가 너무 느려요. 거의 쓸 수가 없어요.,부정
V0177,C068,2024-09-14,고객센터전화,불만,요금,자동이체가 제대로 안 되는데 연체료까지 붙었어요. 너무 황당합니다.,부정
V0178,C068,2024-09-10,앱리뷰,불만,해지관련,해지 신청 후에도 요금이 계속 청구되고 있어요.,부정
V0179,C068,2024-05-13,앱리뷰,제안,해지관련,해지관련 관련하여 제안 사항을 전달드립니다.,중립
V0180,C068,2024-11-25,이메일,제안,서비스,고객 등급제를 도입해서 충성 고객에게 혜택을 줬으면 해요.,중립
V0181,C069,2024-12-01,고객센터전화,불만,품질,통화 중에 자꾸 끊깁니다. 몇 번을 신고해도 나아지질 않네요.,부정
V0182,C069,2024-04-07,고객센터전화,문의,품질,품질 관련하여 문의 사항을 전달드립니다.,중립
V0183,C069,2024-06-01,앱리뷰,문의,서비스,현재 가입된 부가서비스 목록을 어디서 확인하나요?,중립
V0184,C069,2024-03-11,고객센터전화,제안,요금,요금 관련하여 제안 사항을 전달드립니다.,중립
V0185,C070,2024-03-20,고객센터전화,제안,요금,요금 관련하여 제안 사항을 전달드립니다.,중립
V0186,C070,2024-01-08,SNS,문의,서비스,해외 로밍 서비스 신청 방법이 궁금합니다.,중립
V0187,C072,2024-01-27,SNS,문의,품질,품질 관련하여 문의 사항을 전달드립니다.,중립
V0188,C072,2024-11-29,앱리뷰,불만,서비스,같은 문제로 세 번째 전화하고 있어요. 매번 처음부터 설명해야 하나요?,부정
V0189,C072,2024-09-25,앱리뷰,불만,서비스,상담사를 기다리다가 30분이 지났는데 아직도 연결이 안 돼요.,부정
V0190,C073,2024-06-24,고객센터전화,불만,기타,기타 관련하여 불만 사항을 전달드립니다.,부정
V0191,C073,2024-12-28,앱리뷰,문의,서비스,명의변경 절차가 어떻게 되나요?,중립
V0192,C073,2024-04-14,이메일,불만,해지관련,해지 신청 후에도 요금이 계속 청구되고 있어요.,부정
V0193,C074,2024-10-27,고객센터전화,불만,품질,집에서 신호가 너무 약해요. 와이파이 없으면 데이터가 안 잡혀요.,부정
V0194,C074,2024-06-29,이메일,불만,요금,이번 달 요금이 갑자기 많이 나왔어요. 설명 없이 올린 건가요?,부정
V0195,C074,2024-07-05,고객센터전화,제안,요금,요금 관련하여 제안 사항을 전달드립니다.,중립
V0196,C075,2024-10-06,앱리뷰,문의,기타,기타 관련하여 문의 사항을 전달드립니다.,중립
V0197,C076,2024-08-08,이메일,불만,품질,통화 중에 자꾸 끊깁니다. 몇 번을 신고해도 나아지질 않네요.,부정
V0198,C076,2024-04-27,이메일,제안,품질,품질 관련하여 제안 사항을 전달드립니다.,중립
V0199,C077,2024-02-10,이메일,문의,품질,품질 관련하여 문의 사항을 전달드립니다.,중립
V0200,C078,2024-11-02,앱리뷰,칭찬,앱기능,앱기능 관련하여 칭찬 사항을 전달드립니다.,긍정
V0201,C078,2024-12-16,고객센터전화,불만,요금,자동이체가 제대로 안 되는데 연체료까지 붙었어요. 너무 황당합니다.,부정
V0202,C078,2024-12-08,고객센터전화,문의,요금,포인트를 요금에서 차감할 수 있는지 궁금합니다.,중립
V0203,C078,2024-11-07,고객센터전화,칭찬,해지관련,해지관련 관련하여 칭찬 사항을 전달드립니다.,긍정
V0204,C079,2024-12-31,앱리뷰,제안,해지관련,해지관련 관련하여 제안 사항을 전달드립니다.,중립
V0205,C079,2024-10-26,이메일,불만,기타,기타 관련하여 불만 사항을 전달드립니다.,부정
V0206,C080,2024-02-05,고객센터전화,문의,서비스,해외 로밍 서비스 신청 방법이 궁금합니다.,중립
V0207,C080,2024-12-22,고객센터전화,문의,요금,가족결합 할인은 어떻게 신청하나요?,중립
V0208,C080,2024-11-15,SNS,문의,서비스,해외 로밍 서비스 신청 방법이 궁금합니다.,중립
V0209,C080,2024-02-08,고객센터전화,불만,품질,통화 중에 자꾸 끊깁니다. 몇 번을 신고해도 나아지질 않네요.,부정
V0210,C081,2024-03-13,고객센터전화,문의,서비스,해외 로밍 서비스 신청 방법이 궁금합니다.,중립
V0211,C081,2024-08-29,SNS,칭찬,앱기능,앱기능 관련하여 칭찬 사항을 전달드립니다.,긍정
V0212,C081,2024-10-24,SNS,제안,품질,품질 관련하여 제안 사항을 전달드립니다.,중립
V0213,C082,2024-09-17,고객센터전화,불만,품질,통화 중에 자꾸 끊깁니다. 몇 번을 신고해도 나아지질 않네요.,부정
V0214,C083,2024-11-15,고객센터전화,불만,서비스,같은 문제로 세 번째 전화하고 있어요. 매번 처음부터 설명해야 하나요?,부정
V0215,C083,2024-05-05,앱리뷰,불만,서비스,같은 문제로 세 번째 전화하고 있어요. 매번 처음부터 설명해야 하나요?,부정
V0216,C083,2024-02-27,SNS,불만,앱기능,앱에서 요금 명세서를 찾을 수가 없어요. UI가 너무 불편해요.,부정
V0217,C084,2024-01-05,앱리뷰,문의,해지관련,해지관련 관련하여 문의 사항을 전달드립니다.,중립
V0218,C084,2024-07-30,앱리뷰,불만,품질,어제부터 데이터 속도가 너무 느려요. 거의 쓸 수가 없어요.,부정
V0219,C084,2024-11-26,앱리뷰,불만,요금,요금제 변경했는데 다음 달에도 기존 요금이 청구됐어요. 환불해 주세요.,부정
V0220,C085,2024-06-23,이메일,문의,품질,품질 관련하여 문의 사항을 전달드립니다.,중립
V0221,C086,2024-02-01,앱리뷰,문의,품질,품질 관련하여 문의 사항을 전달드립니다.,중립
V0222,C087,2024-04-16,앱리뷰,불만,요금,이번 달 요금이 갑자기 많이 나왔어요. 설명 없이 올린 건가요?,부정
V0223,C087,2024-09-22,앱리뷰,불만,품질,통화 중에 자꾸 끊깁니다. 몇 번을 신고해도 나아지질 않네요.,부정
V0224,C088,2024-02-09,고객센터전화,불만,서비스,해지하려고 전화했더니 계속 다른 팀으로 돌리기만 해요.,부정
V0225,C088,2024-11-28,SNS,불만,품질,어제부터 데이터 속도가 너무 느려요. 거의 쓸 수가 없어요.,부정
V0226,C088,2024-09-30,이메일,불만,앱기능,앱이 자꾸 튕겨요. 업데이트 후부터 더 심해졌어요.,부정
V0227,C088,2024-09-01,이메일,문의,서비스,현재 가입된 부가서비스 목록을 어디서 확인하나요?,중립
V0228,C089,2024-03-26,고객센터전화,불만,서비스,같은 문제로 세 번째 전화하고 있어요. 매번 처음부터 설명해야 하나요?,부정
V0229,C089,2024-05-27,앱리뷰,불만,요금,자동이체가 제대로 안 되는데 연체료까지 붙었어요. 너무 황당합니다.,부정
V0230,C089,2024-11-25,앱리뷰,불만,서비스,해지하려고 전화했더니 계속 다른 팀으로 돌리기만 해요.,부정
V0231,C090,2024-01-12,SNS,제안,앱기능,앱에서 바로 상담사 채팅 연결이 되면 편할 것 같아요.,중립
V0232,C090,2024-06-09,이메일,불만,요금,이번 달 요금이 갑자기 많이 나왔어요. 설명 없이 올린 건가요?,부정
V0233,C091,2024-10-17,이메일,제안,서비스,장기 고객에게 특별 혜택을 주는 프로그램이 있으면 좋겠어요.,중립
V0234,C091,2024-11-29,고객센터전화,문의,품질,품질 관련하여 문의 사항을 전달드립니다.,중립
V0235,C091,2024-06-25,앱리뷰,불만,서비스,상담사를 기다리다가 30분이 지났는데 아직도 연결이 안 돼요.,부정
V0236,C091,2024-05-31,고객센터전화,제안,앱기능,요금 명세서를 그래프로 보여주는 기능이 있으면 좋겠어요.,중립
V0237,C093,2024-03-15,이메일,불만,품질,통화 중에 자꾸 끊깁니다. 몇 번을 신고해도 나아지질 않네요.,부정
V0238,C093,2024-12-26,고객센터전화,칭찬,요금,요금 관련하여 칭찬 사항을 전달드립니다.,긍정
V0239,C093,2024-09-20,SNS,불만,요금,이번 달 요금이 갑자기 많이 나왔어요. 설명 없이 올린 건가요?,부정
V0240,C093,2024-04-10,고객센터전화,불만,서비스,같은 문제로 세 번째 전화하고 있어요. 매번 처음부터 설명해야 하나요?,부정
V0241,C094,2024-05-30,고객센터전화,불만,서비스,같은 문제로 세 번째 전화하고 있어요. 매번 처음부터 설명해야 하나요?,부정
V0242,C094,2024-04-21,SNS,불만,앱기능,로그인이 계속 풀려요. 생체인증이 제대로 작동하지 않아요.,부정
V0243,C094,2024-07-31,이메일,불만,앱기능,로그인이 계속 풀려요. 생체인증이 제대로 작동하지 않아요.,부정
V0244,C094,2024-10-11,앱리뷰,문의,기타,기타 관련하여 문의 사항을 전달드립니다.,중립
V0245,C095,2024-05-13,앱리뷰,불만,서비스,같은 문제로 세 번째 전화하고 있어요. 매번 처음부터 설명해야 하나요?,부정
V0246,C096,2024-02-05,이메일,제안,서비스,생일 축하 데이터 보너스 같은 이벤트를 해주세요.,중립
V0247,C096,2024-02-11,앱리뷰,제안,품질,품질 관련하여 제안 사항을 전달드립니다.,중립
V0248,C096,2024-03-20,이메일,제안,해지관련,해지관련 관련하여 제안 사항을 전달드립니다.,중립
V0249,C097,2024-03-15,앱리뷰,문의,서비스,명의변경 절차가 어떻게 되나요?,중립
V0250,C097,2024-08-26,SNS,불만,기타,기타 관련하여 불만 사항을 전달드립니다.,부정
V0251,C097,2024-08-29,앱리뷰,불만,서비스,해지하려고 전화했더니 계속 다른 팀으로 돌리기만 해요.,부정
V0252,C097,2024-11-22,SNS,불만,해지관련,번호이동 신청했는데 일주일이 지나도 진행이 안 되고 있어요.,부정
V0253,C097,2024-02-11,고객센터전화,문의,요금,가족결합 할인은 어떻게 신청하나요?,중립
V0254,C097,2024-01-24,고객센터전화,불만,앱기능,앱이 자꾸 튕겨요. 업데이트 후부터 더 심해졌어요.,부정
V0255,C097,2024-08-24,SNS,불만,해지관련,번호이동 신청했는데 일주일이 지나도 진행이 안 되고 있어요.,부정
V0256,C098,2024-07-28,앱리뷰,불만,요금,요금제 변경했는데 다음 달에도 기존 요금이 청구됐어요. 환불해 주세요.,부정
V0257,C098,2024-10-25,앱리뷰,불만,서비스,해지하려고 전화했더니 계속 다른 팀으로 돌리기만 해요.,부정
V0258,C098,2024-09-09,SNS,불만,서비스,같은 문제로 세 번째 전화하고 있어요. 매번 처음부터 설명해야 하나요?,부정
V0259,C098,2024-06-16,앱리뷰,문의,앱기능,앱기능 관련하여 문의 사항을 전달드립니다.,중립
V0260,C099,2024-11-15,앱리뷰,제안,해지관련,해지관련 관련하여 제안 사항을 전달드립니다.,중립
V0261,C099,2024-12-27,고객센터전화,제안,요금,요금 관련하여 제안 사항을 전달드립니다.,중립
V0262,C100,2024-06-14,앱리뷰,불만,기타,기타 관련하여 불만 사항을 전달드립니다.,부정
V0263,C101,2024-09-20,SNS,제안,서비스,고객 등급제를 도입해서 충성 고객에게 혜택을 줬으면 해요.,중립
V0264,C101,2024-03-18,앱리뷰,문의,서비스,현재 가입된 부가서비스 목록을 어디서 확인하나요?,중립
V0265,C101,2024-11-24,고객센터전화,문의,품질,품질 관련하여 문의 사항을 전달드립니다.,중립
V0266,C101,2024-12-05,앱리뷰,불만,품질,집에서 신호가 너무 약해요. 와이파이 없으면 데이터가 안 잡혀요.,부정
V0267,C102,2024-11-13,고객센터전화,불만,앱기능,앱이 자꾸 튕겨요. 업데이트 후부터 더 심해졌어요.,부정
V0268,C102,2024-12-14,앱리뷰,문의,품질,품질 관련하여 문의 사항을 전달드립니다.,중립
V0269,C102,2024-04-03,SNS,문의,요금,이번 달 요금이 어떻게 구성된 건지 자세히 알고 싶어요.,중립
V0270,C103,2024-07-24,앱리뷰,문의,요금,이번 달 요금이 어떻게 구성된 건지 자세히 알고 싶어요.,중립
V0271,C103,2024-04-02,고객센터전화,문의,요금,이번 달 요금이 어떻게 구성된 건지 자세히 알고 싶어요.,중립
V0272,C103,2024-09-27,앱리뷰,칭찬,품질,품질 관련하여 칭찬 사항을 전달드립니다.,긍정
V0273,C104,2024-09-06,SNS,불만,서비스,같은 문제로 세 번째 전화하고 있어요. 매번 처음부터 설명해야 하나요?,부정
V0274,C104,2024-11-30,앱리뷰,불만,품질,집에서 신호가 너무 약해요. 와이파이 없으면 데이터가 안 잡혀요.,부정
V0275,C105,2024-02-24,고객센터전화,제안,요금,요금 관련하여 제안 사항을 전달드립니다.,중립
V0276,C105,2024-01-11,SNS,불만,서비스,상담사를 기다리다가 30분이 지났는데 아직도 연결이 안 돼요.,부정
V0277,C105,2024-10-31,SNS,불만,앱기능,로그인이 계속 풀려요. 생체인증이 제대로 작동하지 않아요.,부정
V0278,C106,2024-01-15,고객센터전화,불만,서비스,같은 문제로 세 번째 전화하고 있어요. 매번 처음부터 설명해야 하나요?,부정
V0279,C106,2024-06-06,고객센터전화,불만,요금,자동이체가 제대로 안 되는데 연체료까지 붙었어요. 너무 황당합니다.,부정
V0280,C107,2024-01-27,이메일,불만,해지관련,번호이동 신청했는데 일주일이 지나도 진행이 안 되고 있어요.,부정
V0281,C107,2024-06-05,앱리뷰,문의,서비스,현재 가입된 부가서비스 목록을 어디서 확인하나요?,중립
V0282,C107,2024-06-11,앱리뷰,불만,기타,기타 관련하여 불만 사항을 전달드립니다.,부정
V0283,C108,2024-03-04,앱리뷰,불만,해지관련,번호이동 신청했는데 일주일이 지나도 진행이 안 되고 있어요.,부정
V0284,C108,2024-10-03,앱리뷰,제안,서비스,생일 축하 데이터 보너스 같은 이벤트를 해주세요.,중립
V0285,C109,2024-09-10,SNS,불만,해지관련,번호이동 신청했는데 일주일이 지나도 진행이 안 되고 있어요.,부정
V0286,C109,2024-08-11,앱리뷰,불만,해지관련,해지하려는데 위약금 설명이 너무 복잡해요. 명확하게 알려주세요.,부정
V0287,C109,2024-08-05,고객센터전화,제안,서비스,생일 축하 데이터 보너스 같은 이벤트를 해주세요.,중립
V0288,C109,2024-06-17,앱리뷰,제안,앱기능,요금 명세서를 그래프로 보여주는 기능이 있으면 좋겠어요.,중립
V0289,C109,2024-05-13,이메일,불만,해지관련,해지하려는데 위약금 설명이 너무 복잡해요. 명확하게 알려주세요.,부정
V0290,C109,2024-02-21,SNS,불만,서비스,같은 문제로 세 번째 전화하고 있어요. 매번 처음부터 설명해야 하나요?,부정
V0291,C109,2024-08-11,앱리뷰,불만,요금,자동이체가 제대로 안 되는데 연체료까지 붙었어요. 너무 황당합니다.,부정
V0292,C110,2024-10-13,고객센터전화,문의,요금,가족결합 할인은 어떻게 신청하나요?,중립
V0293,C110,2024-12-21,SNS,문의,앱기능,앱기능 관련하여 문의 사항을 전달드립니다.,중립
V0294,C110,2024-01-17,SNS,불만,요금,이번 달 요금이 갑자기 많이 나왔어요. 설명 없이 올린 건가요?,부정
V0295,C111,2024-09-20,이메일,칭찬,해지관련,해지관련 관련하여 칭찬 사항을 전달드립니다.,긍정
V0296,C111,2024-12-06,이메일,불만,앱기능,앱에서 요금 명세서를 찾을 수가 없어요. UI가 너무 불편해요.,부정
V0297,C111,2024-06-05,이메일,문의,요금,포인트를 요금에서 차감할 수 있는지 궁금합니다.,중립
V0298,C111,2024-12-17,고객센터전화,불만,품질,통화 중에 자꾸 끊깁니다. 몇 번을 신고해도 나아지질 않네요.,부정
V0299,C111,2024-04-03,고객센터전화,칭찬,앱기능,앱기능 관련하여 칭찬 사항을 전달드립니다.,긍정
V0300,C112,2024-01-21,고객센터전화,불만,서비스,해지하려고 전화했더니 계속 다른 팀으로 돌리기만 해요.,부정
V0301,C112,2024-08-23,앱리뷰,문의,서비스,명의변경 절차가 어떻게 되나요?,중립
V0302,C113,2024-01-05,고객센터전화,문의,기타,기타 관련하여 문의 사항을 전달드립니다.,중립
V0303,C113,2024-03-07,앱리뷰,불만,앱기능,앱에서 요금 명세서를 찾을 수가 없어요. UI가 너무 불편해요.,부정
V0304,C114,2024-10-05,앱리뷰,문의,요금,가족결합 할인은 어떻게 신청하나요?,중립
V0305,C114,2024-07-25,앱리뷰,칭찬,요금,요금 관련하여 칭찬 사항을 전달드립니다.,긍정
V0306,C114,2024-10-12,고객센터전화,제안,서비스,생일 축하 데이터 보너스 같은 이벤트를 해주세요.,중립
V0307,C114,2024-05-06,고객센터전화,문의,품질,품질 관련하여 문의 사항을 전달드립니다.,중립
V0308,C115,2024-04-15,앱리뷰,문의,해지관련,해지관련 관련하여 문의 사항을 전달드립니다.,중립
V0309,C115,2024-04-09,SNS,칭찬,요금,요금 관련하여 칭찬 사항을 전달드립니다.,긍정
V0310,C115,2024-05-29,이메일,불만,품질,통화 중에 자꾸 끊깁니다. 몇 번을 신고해도 나아지질 않네요.,부정
V0311,C116,2024-09-05,앱리뷰,불만,품질,어제부터 데이터 속도가 너무 느려요. 거의 쓸 수가 없어요.,부정
V0312,C116,2024-09-07,SNS,문의,요금,이번 달 요금이 어떻게 구성된 건지 자세히 알고 싶어요.,중립
V0313,C116,2024-01-15,고객센터전화,불만,서비스,같은 문제로 세 번째 전화하고 있어요. 매번 처음부터 설명해야 하나요?,부정
V0314,C117,2024-05-19,앱리뷰,불만,기타,기타 관련하여 불만 사항을 전달드립니다.,부정
V0315,C118,2024-12-31,이메일,제안,해지관련,해지관련 관련하여 제안 사항을 전달드립니다.,중립
V0316,C118,2024-12-28,앱리뷰,문의,해지관련,해지관련 관련하여 문의 사항을 전달드립니다.,중립
V0317,C118,2024-09-28,앱리뷰,문의,요금,이번 달 요금이 어떻게 구성된 건지 자세히 알고 싶어요.,중립
V0318,C119,2024-06-10,앱리뷰,불만,앱기능,앱에서 요금 명세서를 찾을 수가 없어요. UI가 너무 불편해요.,부정
V0319,C119,2024-11-08,고객센터전화,문의,품질,품질 관련하여 문의 사항을 전달드립니다.,중립
V0320,C119,2024-05-30,고객센터전화,문의,품질,품질 관련하여 문의 사항을 전달드립니다.,중립
V0321,C119,2024-02-28,고객센터전화,제안,기타,기타 관련하여 제안 사항을 전달드립니다.,중립
V0322,C120,2024-10-08,고객센터전화,불만,요금,자동이체가 제대로 안 되는데 연체료까지 붙었어요. 너무 황당합니다.,부정
V0323,C120,2024-02-19,앱리뷰,칭찬,서비스,이번에 요금 정정 처리가 빠르게 돼서 정말 만족스러웠어요.,긍정
V0324,C120,2024-01-12,고객센터전화,불만,요금,자동이체가 제대로 안 되는데 연체료까지 붙었어요. 너무 황당합니다.,부정
V0325,C121,2024-05-19,앱리뷰,불만,해지관련,해지 신청 후에도 요금이 계속 청구되고 있어요.,부정
V0326,C121,2024-10-10,앱리뷰,칭찬,요금,요금 관련하여 칭찬 사항을 전달드립니다.,긍정
V0327,C122,2024-03-24,앱리뷰,문의,서비스,해외 로밍 서비스 신청 방법이 궁금합니다.,중립
V0328,C123,2024-08-12,앱리뷰,문의,요금,가족결합 할인은 어떻게 신청하나요?,중립
V0329,C123,2024-09-17,이메일,문의,서비스,현재 가입된 부가서비스 목록을 어디서 확인하나요?,중립
V0330,C124,2024-08-27,고객센터전화,문의,요금,포인트를 요금에서 차감할 수 있는지 궁금합니다.,중립
V0331,C124,2024-10-08,이메일,문의,서비스,현재 가입된 부가서비스 목록을 어디서 확인하나요?,중립
V0332,C124,2024-02-12,이메일,칭찬,요금,요금 관련하여 칭찬 사항을 전달드립니다.,긍정
V0333,C124,2024-01-10,이메일,문의,요금,이번 달 요금이 어떻게 구성된 건지 자세히 알고 싶어요.,중립
V0334,C125,2024-10-20,이메일,제안,앱기능,앱에서 바로 상담사 채팅 연결이 되면 편할 것 같아요.,중립
V0335,C126,2024-12-19,이메일,문의,해지관련,해지관련 관련하여 문의 사항을 전달드립니다.,중립
V0336,C126,2024-05-20,앱리뷰,문의,요금,이번 달 요금이 어떻게 구성된 건지 자세히 알고 싶어요.,중립
V0337,C126,2024-02-24,고객센터전화,문의,앱기능,앱기능 관련하여 문의 사항을 전달드립니다.,중립
V0338,C127,2024-06-13,이메일,불만,앱기능,앱이 자꾸 튕겨요. 업데이트 후부터 더 심해졌어요.,부정
V0339,C127,2024-09-14,이메일,불만,앱기능,앱이 자꾸 튕겨요. 업데이트 후부터 더 심해졌어요.,부정
V0340,C127,2024-02-11,고객센터전화,문의,서비스,현재 가입된 부가서비스 목록을 어디서 확인하나요?,중립
V0341,C127,2024-09-11,앱리뷰,불만,서비스,해지하려고 전화했더니 계속 다른 팀으로 돌리기만 해요.,부정
V0342,C127,2024-09-03,SNS,불만,서비스,해지하려고 전화했더니 계속 다른 팀으로 돌리기만 해요.,부정
V0343,C127,2024-02-07,이메일,칭찬,앱기능,앱기능 관련하여 칭찬 사항을 전달드립니다.,긍정
V0344,C128,2024-06-22,고객센터전화,불만,해지관련,번호이동 신청했는데 일주일이 지나도 진행이 안 되고 있어요.,부정
V0345,C128,2024-11-28,SNS,문의,요금,이번 달 요금이 어떻게 구성된 건지 자세히 알고 싶어요.,중립
V0346,C128,2024-06-26,고객센터전화,불만,품질,어제부터 데이터 속도가 너무 느려요. 거의 쓸 수가 없어요.,부정
V0347,C128,2024-06-27,고객센터전화,불만,해지관련,해지하려는데 위약금 설명이 너무 복잡해요. 명확하게 알려주세요.,부정
V0348,C128,2024-07-03,고객센터전화,불만,서비스,같은 문제로 세 번째 전화하고 있어요. 매번 처음부터 설명해야 하나요?,부정
V0349,C129,2024-06-27,SNS,불만,요금,자동이체가 제대로 안 되는데 연체료까지 붙었어요. 너무 황당합니다.,부정
V0350,C129,2024-06-10,고객센터전화,불만,요금,요금제 변경했는데 다음 달에도 기존 요금이 청구됐어요. 환불해 주세요.,부정
V0351,C129,2024-05-23,이메일,불만,앱기능,로그인이 계속 풀려요. 생체인증이 제대로 작동하지 않아요.,부정
V0352,C130,2024-08-26,고객센터전화,문의,서비스,현재 가입된 부가서비스 목록을 어디서 확인하나요?,중립
V0353,C130,2024-06-01,고객센터전화,불만,서비스,상담사를 기다리다가 30분이 지났는데 아직도 연결이 안 돼요.,부정
V0354,C130,2024-11-15,고객센터전화,문의,서비스,현재 가입된 부가서비스 목록을 어디서 확인하나요?,중립
V0355,C130,2024-01-07,고객센터전화,문의,품질,품질 관련하여 문의 사항을 전달드립니다.,중립
V0356,C130,2024-06-14,고객센터전화,불만,서비스,같은 문제로 세 번째 전화하고 있어요. 매번 처음부터 설명해야 하나요?,부정
V0357,C131,2024-08-16,이메일,불만,요금,이번 달 요금이 갑자기 많이 나왔어요. 설명 없이 올린 건가요?,부정
V0358,C131,2024-08-19,이메일,불만,서비스,해지하려고 전화했더니 계속 다른 팀으로 돌리기만 해요.,부정
V0359,C131,2024-08-19,고객센터전화,불만,요금,요금제 변경했는데 다음 달에도 기존 요금이 청구됐어요. 환불해 주세요.,부정
V0360,C132,2024-06-14,SNS,불만,해지관련,해지하려는데 위약금 설명이 너무 복잡해요. 명확하게 알려주세요.,부정
V0361,C132,2024-10-28,이메일,제안,품질,품질 관련하여 제안 사항을 전달드립니다.,중립
V0362,C132,2024-07-22,고객센터전화,칭찬,해지관련,해지관련 관련하여 칭찬 사항을 전달드립니다.,긍정
V0363,C133,2024-01-29,앱리뷰,제안,요금,요금 관련하여 제안 사항을 전달드립니다.,중립
V0364,C133,2024-04-22,앱리뷰,칭찬,요금,요금 관련하여 칭찬 사항을 전달드립니다.,긍정
V0365,C133,2024-06-24,이메일,문의,해지관련,해지관련 관련하여 문의 사항을 전달드립니다.,중립
V0366,C134,2024-12-15,고객센터전화,불만,요금,요금제 변경했는데 다음 달에도 기존 요금이 청구됐어요. 환불해 주세요.,부정
V0367,C134,2024-11-30,SNS,불만,요금,요금제 변경했는데 다음 달에도 기존 요금이 청구됐어요. 환불해 주세요.,부정
V0368,C134,2024-10-15,고객센터전화,불만,서비스,같은 문제로 세 번째 전화하고 있어요. 매번 처음부터 설명해야 하나요?,부정
V0369,C135,2024-09-30,고객센터전화,불만,앱기능,로그인이 계속 풀려요. 생체인증이 제대로 작동하지 않아요.,부정
V0370,C135,2024-08-21,이메일,문의,요금,가족결합 할인은 어떻게 신청하나요?,중립
V0371,C136,2024-03-18,고객센터전화,제안,서비스,생일 축하 데이터 보너스 같은 이벤트를 해주세요.,중립
V0372,C136,2024-10-17,고객센터전화,제안,품질,품질 관련하여 제안 사항을 전달드립니다.,중립
V0373,C136,2024-03-02,앱리뷰,제안,서비스,고객 등급제를 도입해서 충성 고객에게 혜택을 줬으면 해요.,중립
V0374,C137,2024-01-04,앱리뷰,칭찬,기타,기타 관련하여 칭찬 사항을 전달드립니다.,긍정
V0375,C137,2024-11-08,고객센터전화,불만,품질,어제부터 데이터 속도가 너무 느려요. 거의 쓸 수가 없어요.,부정
V0376,C137,2024-08-03,SNS,제안,요금,요금 관련하여 제안 사항을 전달드립니다.,중립
V0377,C137,2024-09-10,고객센터전화,문의,서비스,현재 가입된 부가서비스 목록을 어디서 확인하나요?,중립
V0378,C138,2024-05-06,앱리뷰,제안,요금,요금 관련하여 제안 사항을 전달드립니다.,중립
V0379,C138,2024-03-19,SNS,문의,서비스,명의변경 절차가 어떻게 되나요?,중립
V0380,C139,2024-06-27,이메일,불만,서비스,해지하려고 전화했더니 계속 다른 팀으로 돌리기만 해요.,부정
V0381,C139,2024-04-02,고객센터전화,불만,서비스,상담사를 기다리다가 30분이 지났는데 아직도 연결이 안 돼요.,부정
V0382,C140,2024-01-12,SNS,제안,서비스,장기 고객에게 특별 혜택을 주는 프로그램이 있으면 좋겠어요.,중립
V0383,C140,2024-05-09,앱리뷰,문의,요금,포인트를 요금에서 차감할 수 있는지 궁금합니다.,중립
V0384,C140,2024-03-22,SNS,제안,서비스,고객 등급제를 도입해서 충성 고객에게 혜택을 줬으면 해요.,중립
V0385,C141,2024-09-22,SNS,문의,앱기능,앱기능 관련하여 문의 사항을 전달드립니다.,중립
V0386,C141,2024-10-10,이메일,불만,요금,자동이체가 제대로 안 되는데 연체료까지 붙었어요. 너무 황당합니다.,부정
V0387,C141,2024-06-20,고객센터전화,문의,서비스,해외 로밍 서비스 신청 방법이 궁금합니다.,중립
V0388,C141,2024-08-10,고객센터전화,제안,해지관련,해지관련 관련하여 제안 사항을 전달드립니다.,중립
V0389,C142,2024-05-01,앱리뷰,문의,요금,가족결합 할인은 어떻게 신청하나요?,중립
V0390,C142,2024-04-16,앱리뷰,제안,요금,요금 관련하여 제안 사항을 전달드립니다.,중립
V0391,C142,2024-04-30,SNS,문의,요금,이번 달 요금이 어떻게 구성된 건지 자세히 알고 싶어요.,중립
V0392,C143,2024-01-17,SNS,문의,기타,기타 관련하여 문의 사항을 전달드립니다.,중립
V0393,C143,2024-08-08,앱리뷰,불만,해지관련,해지 신청 후에도 요금이 계속 청구되고 있어요.,부정
V0394,C144,2024-05-28,SNS,불만,해지관련,해지하려는데 위약금 설명이 너무 복잡해요. 명확하게 알려주세요.,부정
V0395,C144,2024-09-11,이메일,불만,품질,통화 중에 자꾸 끊깁니다. 몇 번을 신고해도 나아지질 않네요.,부정
V0396,C144,2024-01-08,고객센터전화,불만,요금,자동이체가 제대로 안 되는데 연체료까지 붙었어요. 너무 황당합니다.,부정
V0397,C144,2024-07-20,앱리뷰,제안,품질,품질 관련하여 제안 사항을 전달드립니다.,중립
V0398,C145,2024-06-12,이메일,칭찬,서비스,앱 업데이트 후 많이 편해졌어요. 개발팀 수고하셨습니다.,긍정
V0399,C146,2024-01-28,SNS,제안,서비스,생일 축하 데이터 보너스 같은 이벤트를 해주세요.,중립
V0400,C146,2024-05-26,이메일,불만,요금,자동이체가 제대로 안 되는데 연체료까지 붙었어요. 너무 황당합니다.,부정
V0401,C147,2024-11-02,SNS,문의,서비스,해외 로밍 서비스 신청 방법이 궁금합니다.,중립
V0402,C148,2024-07-05,SNS,제안,앱기능,요금 명세서를 그래프로 보여주는 기능이 있으면 좋겠어요.,중립
V0403,C148,2024-12-05,SNS,불만,서비스,해지하려고 전화했더니 계속 다른 팀으로 돌리기만 해요.,부정
V0404,C148,2024-11-27,이메일,불만,요금,자동이체가 제대로 안 되는데 연체료까지 붙었어요. 너무 황당합니다.,부정
V0405,C148,2024-10-05,고객센터전화,불만,서비스,같은 문제로 세 번째 전화하고 있어요. 매번 처음부터 설명해야 하나요?,부정
V0406,C149,2024-05-11,앱리뷰,불만,기타,기타 관련하여 불만 사항을 전달드립니다.,부정
V0407,C149,2024-05-15,SNS,제안,서비스,생일 축하 데이터 보너스 같은 이벤트를 해주세요.,중립
V0408,C149,2024-12-16,앱리뷰,불만,품질,집에서 신호가 너무 약해요. 와이파이 없으면 데이터가 안 잡혀요.,부정
V0409,C151,2024-11-27,고객센터전화,불만,서비스,같은 문제로 세 번째 전화하고 있어요. 매번 처음부터 설명해야 하나요?,부정
V0410,C151,2024-09-03,앱리뷰,제안,서비스,생일 축하 데이터 보너스 같은 이벤트를 해주세요.,중립
V0411,C151,2024-11-22,고객센터전화,불만,서비스,해지하려고 전화했더니 계속 다른 팀으로 돌리기만 해요.,부정
V0412,C152,2024-10-12,고객센터전화,문의,품질,품질 관련하여 문의 사항을 전달드립니다.,중립
V0413,C152,2024-06-13,고객센터전화,문의,품질,품질 관련하여 문의 사항을 전달드립니다.,중립
V0414,C153,2024-11-06,앱리뷰,불만,해지관련,번호이동 신청했는데 일주일이 지나도 진행이 안 되고 있어요.,부정
V0415,C153,2024-10-23,고객센터전화,불만,요금,이번 달 요금이 갑자기 많이 나왔어요. 설명 없이 올린 건가요?,부정
V0416,C153,2024-09-08,고객센터전화,불만,품질,집에서 신호가 너무 약해요. 와이파이 없으면 데이터가 안 잡혀요.,부정
V0417,C153,2024-08-21,앱리뷰,불만,서비스,같은 문제로 세 번째 전화하고 있어요. 매번 처음부터 설명해야 하나요?,부정
V0418,C154,2024-07-12,고객센터전화,문의,기타,기타 관련하여 문의 사항을 전달드립니다.,중립
V0419,C154,2024-05-13,앱리뷰,문의,앱기능,앱기능 관련하여 문의 사항을 전달드립니다.,중립
V0420,C154,2024-10-11,앱리뷰,문의,앱기능,앱기능 관련하여 문의 사항을 전달드립니다.,중립
V0421,C154,2024-11-20,고객센터전화,칭찬,서비스,앱 업데이트 후 많이 편해졌어요. 개발팀 수고하셨습니다.,긍정
V0422,C155,2024-12-06,고객센터전화,불만,해지관련,해지 신청 후에도 요금이 계속 청구되고 있어요.,부정
V0423,C155,2024-08-17,앱리뷰,제안,요금,요금 관련하여 제안 사항을 전달드립니다.,중립
V0424,C155,2024-05-18,이메일,칭찬,서비스,이번에 요금 정정 처리가 빠르게 돼서 정말 만족스러웠어요.,긍정
V0425,C156,2024-08-21,고객센터전화,불만,해지관련,해지하려는데 위약금 설명이 너무 복잡해요. 명확하게 알려주세요.,부정
V0426,C156,2024-07-23,고객센터전화,불만,품질,어제부터 데이터 속도가 너무 느려요. 거의 쓸 수가 없어요.,부정
V0427,C156,2024-04-14,앱리뷰,불만,서비스,해지하려고 전화했더니 계속 다른 팀으로 돌리기만 해요.,부정
V0428,C156,2024-10-10,고객센터전화,불만,앱기능,로그인이 계속 풀려요. 생체인증이 제대로 작동하지 않아요.,부정
V0429,C157,2024-07-04,앱리뷰,문의,해지관련,해지관련 관련하여 문의 사항을 전달드립니다.,중립
V0430,C157,2024-10-06,앱리뷰,불만,품질,통화 중에 자꾸 끊깁니다. 몇 번을 신고해도 나아지질 않네요.,부정
V0431,C157,2024-10-05,고객센터전화,불만,요금,요금제 변경했는데 다음 달에도 기존 요금이 청구됐어요. 환불해 주세요.,부정
V0432,C158,2024-11-14,고객센터전화,제안,기타,기타 관련하여 제안 사항을 전달드립니다.,중립
V0433,C159,2024-09-02,앱리뷰,불만,앱기능,로그인이 계속 풀려요. 생체인증이 제대로 작동하지 않아요.,부정
V0434,C159,2024-05-08,이메일,문의,요금,이번 달 요금이 어떻게 구성된 건지 자세히 알고 싶어요.,중립
V0435,C159,2024-09-10,앱리뷰,문의,서비스,현재 가입된 부가서비스 목록을 어디서 확인하나요?,중립
V0436,C159,2024-08-27,앱리뷰,불만,해지관련,해지 신청 후에도 요금이 계속 청구되고 있어요.,부정
V0437,C159,2024-08-23,고객센터전화,문의,해지관련,해지관련 관련하여 문의 사항을 전달드립니다.,중립
V0438,C160,2024-02-25,고객센터전화,불만,서비스,상담사를 기다리다가 30분이 지났는데 아직도 연결이 안 돼요.,부정
V0439,C160,2024-02-19,앱리뷰,제안,앱기능,가족 데이터 공유 기능을 추가해 주시면 정말 유용할 것 같아요.,중립
V0440,C160,2024-10-12,SNS,칭찬,서비스,이번에 요금 정정 처리가 빠르게 돼서 정말 만족스러웠어요.,긍정
V0441,C160,2024-02-21,이메일,문의,서비스,해외 로밍 서비스 신청 방법이 궁금합니다.,중립
V0442,C161,2024-11-23,이메일,문의,품질,품질 관련하여 문의 사항을 전달드립니다.,중립
V0443,C161,2024-03-14,앱리뷰,불만,서비스,해지하려고 전화했더니 계속 다른 팀으로 돌리기만 해요.,부정
V0444,C161,2024-05-10,앱리뷰,제안,서비스,고객 등급제를 도입해서 충성 고객에게 혜택을 줬으면 해요.,중립
V0445,C162,2024-07-15,앱리뷰,제안,품질,품질 관련하여 제안 사항을 전달드립니다.,중립
V0446,C162,2024-09-07,이메일,불만,요금,자동이체가 제대로 안 되는데 연체료까지 붙었어요. 너무 황당합니다.,부정
V0447,C162,2024-05-24,앱리뷰,제안,요금,요금 관련하여 제안 사항을 전달드립니다.,중립
V0448,C163,2024-03-01,앱리뷰,제안,해지관련,해지관련 관련하여 제안 사항을 전달드립니다.,중립
V0449,C163,2024-11-25,앱리뷰,불만,서비스,해지하려고 전화했더니 계속 다른 팀으로 돌리기만 해요.,부정
V0450,C164,2024-10-16,앱리뷰,불만,서비스,상담사를 기다리다가 30분이 지났는데 아직도 연결이 안 돼요.,부정
V0451,C164,2024-05-24,앱리뷰,불만,요금,요금제 변경했는데 다음 달에도 기존 요금이 청구됐어요. 환불해 주세요.,부정
V0452,C164,2024-04-17,앱리뷰,문의,요금,이번 달 요금이 어떻게 구성된 건지 자세히 알고 싶어요.,중립
V0453,C164,2024-01-16,앱리뷰,문의,서비스,명의변경 절차가 어떻게 되나요?,중립
V0454,C165,2024-03-27,SNS,문의,앱기능,앱기능 관련하여 문의 사항을 전달드립니다.,중립
V0455,C165,2024-09-02,고객센터전화,제안,요금,요금 관련하여 제안 사항을 전달드립니다.,중립
V0456,C166,2024-11-13,고객센터전화,문의,요금,포인트를 요금에서 차감할 수 있는지 궁금합니다.,중립
V0457,C166,2024-04-09,SNS,불만,품질,통화 중에 자꾸 끊깁니다. 몇 번을 신고해도 나아지질 않네요.,부정
V0458,C166,2024-04-16,이메일,불만,요금,요금제 변경했는데 다음 달에도 기존 요금이 청구됐어요. 환불해 주세요.,부정
V0459,C166,2024-03-25,SNS,제안,서비스,장기 고객에게 특별 혜택을 주는 프로그램이 있으면 좋겠어요.,중립
V0460,C167,2024-02-27,고객센터전화,문의,해지관련,해지관련 관련하여 문의 사항을 전달드립니다.,중립
V0461,C167,2024-07-11,이메일,칭찬,품질,품질 관련하여 칭찬 사항을 전달드립니다.,긍정
V0462,C167,2024-09-23,고객센터전화,불만,요금,요금제 변경했는데 다음 달에도 기존 요금이 청구됐어요. 환불해 주세요.,부정
V0463,C168,2024-06-04,이메일,제안,서비스,고객 등급제를 도입해서 충성 고객에게 혜택을 줬으면 해요.,중립
V0464,C168,2024-07-10,이메일,불만,품질,집에서 신호가 너무 약해요. 와이파이 없으면 데이터가 안 잡혀요.,부정
V0465,C168,2024-05-24,이메일,칭찬,요금,요금 관련하여 칭찬 사항을 전달드립니다.,긍정
V0466,C169,2024-12-19,SNS,불만,해지관련,번호이동 신청했는데 일주일이 지나도 진행이 안 되고 있어요.,부정
V0467,C169,2024-05-08,고객센터전화,불만,품질,집에서 신호가 너무 약해요. 와이파이 없으면 데이터가 안 잡혀요.,부정
V0468,C169,2024-05-11,앱리뷰,불만,기타,기타 관련하여 불만 사항을 전달드립니다.,부정
V0469,C170,2024-09-11,고객센터전화,문의,기타,기타 관련하여 문의 사항을 전달드립니다.,중립
V0470,C170,2024-05-18,이메일,문의,해지관련,해지관련 관련하여 문의 사항을 전달드립니다.,중립
V0471,C171,2024-10-23,앱리뷰,문의,요금,가족결합 할인은 어떻게 신청하나요?,중립
V0472,C171,2024-10-26,이메일,문의,기타,기타 관련하여 문의 사항을 전달드립니다.,중립
V0473,C171,2024-09-03,앱리뷰,제안,서비스,생일 축하 데이터 보너스 같은 이벤트를 해주세요.,중립
V0474,C171,2024-09-06,고객센터전화,불만,품질,어제부터 데이터 속도가 너무 느려요. 거의 쓸 수가 없어요.,부정
V0475,C172,2024-09-26,이메일,불만,요금,요금제 변경했는데 다음 달에도 기존 요금이 청구됐어요. 환불해 주세요.,부정
V0476,C173,2024-05-18,이메일,제안,요금,요금 관련하여 제안 사항을 전달드립니다.,중립
V0477,C174,2024-12-28,이메일,불만,서비스,상담사를 기다리다가 30분이 지났는데 아직도 연결이 안 돼요.,부정
V0478,C174,2024-06-23,이메일,문의,해지관련,해지관련 관련하여 문의 사항을 전달드립니다.,중립
V0479,C174,2024-01-15,앱리뷰,불만,서비스,상담사를 기다리다가 30분이 지났는데 아직도 연결이 안 돼요.,부정
V0480,C174,2024-06-14,앱리뷰,제안,서비스,장기 고객에게 특별 혜택을 주는 프로그램이 있으면 좋겠어요.,중립
V0481,C175,2024-02-20,이메일,문의,요금,이번 달 요금이 어떻게 구성된 건지 자세히 알고 싶어요.,중립
V0482,C175,2024-10-18,고객센터전화,불만,요금,자동이체가 제대로 안 되는데 연체료까지 붙었어요. 너무 황당합니다.,부정
V0483,C175,2024-03-16,고객센터전화,불만,품질,어제부터 데이터 속도가 너무 느려요. 거의 쓸 수가 없어요.,부정
V0484,C176,2024-12-01,고객센터전화,칭찬,품질,품질 관련하여 칭찬 사항을 전달드립니다.,긍정
V0485,C176,2024-02-23,고객센터전화,제안,해지관련,해지관련 관련하여 제안 사항을 전달드립니다.,중립
V0486,C177,2024-06-04,앱리뷰,불만,기타,기타 관련하여 불만 사항을 전달드립니다.,부정
V0487,C177,2024-10-12,앱리뷰,문의,해지관련,해지관련 관련하여 문의 사항을 전달드립니다.,중립
V0488,C177,2024-02-10,고객센터전화,제안,서비스,장기 고객에게 특별 혜택을 주는 프로그램이 있으면 좋겠어요.,중립
V0489,C177,2024-02-03,앱리뷰,제안,기타,기타 관련하여 제안 사항을 전달드립니다.,중립
V0490,C178,2024-06-09,SNS,칭찬,요금,요금 관련하여 칭찬 사항을 전달드립니다.,긍정
V0491,C178,2024-01-07,SNS,불만,요금,자동이체가 제대로 안 되는데 연체료까지 붙었어요. 너무 황당합니다.,부정
V0492,C179,2024-08-20,고객센터전화,불만,해지관련,번호이동 신청했는데 일주일이 지나도 진행이 안 되고 있어요.,부정
V0493,C179,2024-05-09,SNS,불만,품질,통화 중에 자꾸 끊깁니다. 몇 번을 신고해도 나아지질 않네요.,부정
V0494,C179,2024-02-13,앱리뷰,문의,품질,품질 관련하여 문의 사항을 전달드립니다.,중립
V0495,C179,2024-01-19,SNS,불만,기타,기타 관련하여 불만 사항을 전달드립니다.,부정
V0496,C180,2024-02-21,이메일,칭찬,요금,요금 관련하여 칭찬 사항을 전달드립니다.,긍정
V0497,C181,2024-07-09,고객센터전화,제안,품질,품질 관련하여 제안 사항을 전달드립니다.,중립
V0498,C181,2024-01-01,고객센터전화,불만,품질,통화 중에 자꾸 끊깁니다. 몇 번을 신고해도 나아지질 않네요.,부정
V0499,C182,2024-03-05,앱리뷰,칭찬,서비스,앱 업데이트 후 많이 편해졌어요. 개발팀 수고하셨습니다.,긍정
V0500,C183,2024-02-15,이메일,문의,품질,품질 관련하여 문의 사항을 전달드립니다.,중립
V0501,C183,2024-12-28,SNS,불만,앱기능,앱이 자꾸 튕겨요. 업데이트 후부터 더 심해졌어요.,부정
V0502,C183,2024-01-19,앱리뷰,불만,서비스,같은 문제로 세 번째 전화하고 있어요. 매번 처음부터 설명해야 하나요?,부정
V0503,C184,2024-02-06,고객센터전화,문의,서비스,명의변경 절차가 어떻게 되나요?,중립
V0504,C184,2024-07-05,앱리뷰,문의,해지관련,해지관련 관련하여 문의 사항을 전달드립니다.,중립
V0505,C185,2024-02-06,이메일,문의,기타,기타 관련하여 문의 사항을 전달드립니다.,중립
V0506,C185,2024-10-05,고객센터전화,칭찬,요금,요금 관련하여 칭찬 사항을 전달드립니다.,긍정
V0507,C185,2024-12-31,고객센터전화,문의,서비스,해외 로밍 서비스 신청 방법이 궁금합니다.,중립
V0508,C186,2024-12-31,앱리뷰,불만,서비스,해지하려고 전화했더니 계속 다른 팀으로 돌리기만 해요.,부정
V0509,C186,2024-12-23,고객센터전화,불만,품질,어제부터 데이터 속도가 너무 느려요. 거의 쓸 수가 없어요.,부정
V0510,C186,2024-12-03,앱리뷰,제안,기타,기타 관련하여 제안 사항을 전달드립니다.,중립
V0511,C186,2024-02-24,고객센터전화,불만,품질,통화 중에 자꾸 끊깁니다. 몇 번을 신고해도 나아지질 않네요.,부정
V0512,C187,2024-07-27,고객센터전화,불만,해지관련,해지 신청 후에도 요금이 계속 청구되고 있어요.,부정
V0513,C187,2024-11-24,고객센터전화,불만,서비스,상담사를 기다리다가 30분이 지났는데 아직도 연결이 안 돼요.,부정
V0514,C187,2024-11-30,SNS,문의,요금,이번 달 요금이 어떻게 구성된 건지 자세히 알고 싶어요.,중립
V0515,C187,2024-09-19,앱리뷰,불만,해지관련,해지 신청 후에도 요금이 계속 청구되고 있어요.,부정
V0516,C188,2024-02-13,이메일,불만,요금,이번 달 요금이 갑자기 많이 나왔어요. 설명 없이 올린 건가요?,부정
V0517,C188,2024-07-18,고객센터전화,문의,요금,이번 달 요금이 어떻게 구성된 건지 자세히 알고 싶어요.,중립
V0518,C188,2024-01-09,이메일,문의,품질,품질 관련하여 문의 사항을 전달드립니다.,중립
V0519,C189,2024-02-25,앱리뷰,칭찬,기타,기타 관련하여 칭찬 사항을 전달드립니다.,긍정
V0520,C190,2024-05-06,고객센터전화,문의,요금,포인트를 요금에서 차감할 수 있는지 궁금합니다.,중립
V0521,C190,2024-07-30,앱리뷰,불만,앱기능,앱에서 요금 명세서를 찾을 수가 없어요. UI가 너무 불편해요.,부정
V0522,C190,2024-07-24,앱리뷰,불만,요금,요금제 변경했는데 다음 달에도 기존 요금이 청구됐어요. 환불해 주세요.,부정
V0523,C191,2024-04-09,앱리뷰,불만,요금,이번 달 요금이 갑자기 많이 나왔어요. 설명 없이 올린 건가요?,부정
V0524,C191,2024-10-09,SNS,불만,요금,이번 달 요금이 갑자기 많이 나왔어요. 설명 없이 올린 건가요?,부정
V0525,C191,2024-08-05,앱리뷰,문의,품질,품질 관련하여 문의 사항을 전달드립니다.,중립
V0526,C191,2024-05-15,SNS,제안,앱기능,가족 데이터 공유 기능을 추가해 주시면 정말 유용할 것 같아요.,중립
V0527,C192,2024-05-03,앱리뷰,불만,기타,기타 관련하여 불만 사항을 전달드립니다.,부정
V0528,C192,2024-03-19,앱리뷰,불만,요금,자동이체가 제대로 안 되는데 연체료까지 붙었어요. 너무 황당합니다.,부정
V0529,C193,2024-01-10,앱리뷰,문의,기타,기타 관련하여 문의 사항을 전달드립니다.,중립
V0530,C195,2024-11-17,고객센터전화,불만,요금,이번 달 요금이 갑자기 많이 나왔어요. 설명 없이 올린 건가요?,부정
V0531,C196,2024-07-18,이메일,제안,해지관련,해지관련 관련하여 제안 사항을 전달드립니다.,중립
V0532,C197,2024-06-01,앱리뷰,문의,해지관련,해지관련 관련하여 문의 사항을 전달드립니다.,중립
V0533,C197,2024-06-29,앱리뷰,불만,앱기능,로그인이 계속 풀려요. 생체인증이 제대로 작동하지 않아요.,부정
V0534,C197,2024-12-13,고객센터전화,칭찬,요금,요금 관련하여 칭찬 사항을 전달드립니다.,긍정
V0535,C198,2024-10-28,SNS,제안,품질,품질 관련하여 제안 사항을 전달드립니다.,중립
V0536,C198,2024-08-06,앱리뷰,불만,서비스,상담사를 기다리다가 30분이 지났는데 아직도 연결이 안 돼요.,부정
V0537,C198,2024-08-08,고객센터전화,제안,요금,요금 관련하여 제안 사항을 전달드립니다.,중립
V0538,C199,2024-09-04,고객센터전화,불만,해지관련,번호이동 신청했는데 일주일이 지나도 진행이 안 되고 있어요.,부정
V0539,C199,2024-03-18,고객센터전화,문의,앱기능,앱기능 관련하여 문의 사항을 전달드립니다.,중립
V0540,C199,2024-05-18,앱리뷰,칭찬,서비스,이번에 요금 정정 처리가 빠르게 돼서 정말 만족스러웠어요.,긍정
V0541,C199,2024-02-29,고객센터전화,문의,서비스,해외 로밍 서비스 신청 방법이 궁금합니다.,중립
V0542,C201,2024-01-13,이메일,불만,기타,기타 관련하여 불만 사항을 전달드립니다.,부정
V0543,C202,2024-11-28,고객센터전화,불만,요금,요금제 변경했는데 다음 달에도 기존 요금이 청구됐어요. 환불해 주세요.,부정
V0544,C202,2024-12-26,이메일,문의,요금,이번 달 요금이 어떻게 구성된 건지 자세히 알고 싶어요.,중립
V0545,C203,2024-11-28,앱리뷰,불만,앱기능,앱이 자꾸 튕겨요. 업데이트 후부터 더 심해졌어요.,부정
V0546,C204,2024-06-06,이메일,불만,품질,어제부터 데이터 속도가 너무 느려요. 거의 쓸 수가 없어요.,부정
V0547,C204,2024-06-23,앱리뷰,불만,품질,어제부터 데이터 속도가 너무 느려요. 거의 쓸 수가 없어요.,부정
V0548,C204,2024-03-18,앱리뷰,문의,요금,포인트를 요금에서 차감할 수 있는지 궁금합니다.,중립
V0549,C204,2024-07-03,앱리뷰,문의,품질,품질 관련하여 문의 사항을 전달드립니다.,중립
V0550,C205,2024-02-05,이메일,문의,요금,가족결합 할인은 어떻게 신청하나요?,중립
V0551,C205,2024-05-01,이메일,불만,해지관련,해지 신청 후에도 요금이 계속 청구되고 있어요.,부정
V0552,C206,2024-11-14,고객센터전화,불만,서비스,상담사를 기다리다가 30분이 지났는데 아직도 연결이 안 돼요.,부정
V0553,C207,2024-10-14,SNS,불만,앱기능,앱에서 요금 명세서를 찾을 수가 없어요. UI가 너무 불편해요.,부정
V0554,C207,2024-10-04,이메일,불만,서비스,같은 문제로 세 번째 전화하고 있어요. 매번 처음부터 설명해야 하나요?,부정
V0555,C207,2024-10-11,SNS,불만,서비스,상담사를 기다리다가 30분이 지났는데 아직도 연결이 안 돼요.,부정
V0556,C207,2024-05-27,고객센터전화,불만,서비스,해지하려고 전화했더니 계속 다른 팀으로 돌리기만 해요.,부정
V0557,C208,2024-09-19,앱리뷰,불만,기타,기타 관련하여 불만 사항을 전달드립니다.,부정
V0558,C209,2024-08-29,고객센터전화,문의,요금,포인트를 요금에서 차감할 수 있는지 궁금합니다.,중립
V0559,C210,2024-10-29,고객센터전화,불만,해지관련,해지하려는데 위약금 설명이 너무 복잡해요. 명확하게 알려주세요.,부정
V0560,C210,2024-05-14,앱리뷰,제안,서비스,장기 고객에게 특별 혜택을 주는 프로그램이 있으면 좋겠어요.,중립
V0561,C210,2024-12-31,SNS,불만,기타,기타 관련하여 불만 사항을 전달드립니다.,부정
V0562,C211,2024-10-25,고객센터전화,문의,요금,이번 달 요금이 어떻게 구성된 건지 자세히 알고 싶어요.,중립
V0563,C211,2024-01-20,이메일,불만,서비스,해지하려고 전화했더니 계속 다른 팀으로 돌리기만 해요.,부정
V0564,C211,2024-11-09,앱리뷰,문의,요금,포인트를 요금에서 차감할 수 있는지 궁금합니다.,중립
V0565,C212,2024-12-03,앱리뷰,문의,서비스,해외 로밍 서비스 신청 방법이 궁금합니다.,중립
V0566,C212,2024-05-22,고객센터전화,불만,서비스,상담사를 기다리다가 30분이 지났는데 아직도 연결이 안 돼요.,부정
V0567,C213,2024-02-16,고객센터전화,불만,요금,요금제 변경했는데 다음 달에도 기존 요금이 청구됐어요. 환불해 주세요.,부정
V0568,C213,2024-08-19,고객센터전화,불만,품질,어제부터 데이터 속도가 너무 느려요. 거의 쓸 수가 없어요.,부정
V0569,C214,2024-11-12,앱리뷰,문의,요금,가족결합 할인은 어떻게 신청하나요?,중립
V0570,C214,2024-11-25,SNS,제안,품질,품질 관련하여 제안 사항을 전달드립니다.,중립
V0571,C214,2024-06-18,고객센터전화,불만,서비스,같은 문제로 세 번째 전화하고 있어요. 매번 처음부터 설명해야 하나요?,부정
V0572,C214,2024-04-21,고객센터전화,불만,요금,자동이체가 제대로 안 되는데 연체료까지 붙었어요. 너무 황당합니다.,부정
V0573,C215,2024-03-09,SNS,칭찬,서비스,앱 업데이트 후 많이 편해졌어요. 개발팀 수고하셨습니다.,긍정
V0574,C216,2024-02-21,고객센터전화,문의,품질,품질 관련하여 문의 사항을 전달드립니다.,중립
V0575,C216,2024-12-10,이메일,문의,앱기능,앱기능 관련하여 문의 사항을 전달드립니다.,중립
V0576,C216,2024-10-21,SNS,문의,요금,이번 달 요금이 어떻게 구성된 건지 자세히 알고 싶어요.,중립
V0577,C216,2024-11-01,SNS,문의,서비스,명의변경 절차가 어떻게 되나요?,중립
V0578,C217,2024-07-19,이메일,불만,품질,통화 중에 자꾸 끊깁니다. 몇 번을 신고해도 나아지질 않네요.,부정
V0579,C217,2024-01-04,앱리뷰,제안,해지관련,해지관련 관련하여 제안 사항을 전달드립니다.,중립
V0580,C217,2024-11-02,고객센터전화,제안,서비스,장기 고객에게 특별 혜택을 주는 프로그램이 있으면 좋겠어요.,중립
V0581,C217,2024-10-26,앱리뷰,불만,요금,자동이체가 제대로 안 되는데 연체료까지 붙었어요. 너무 황당합니다.,부정
V0582,C218,2024-02-18,이메일,문의,요금,가족결합 할인은 어떻게 신청하나요?,중립
V0583,C219,2024-11-08,고객센터전화,불만,서비스,같은 문제로 세 번째 전화하고 있어요. 매번 처음부터 설명해야 하나요?,부정
V0584,C220,2024-03-15,SNS,문의,품질,품질 관련하여 문의 사항을 전달드립니다.,중립
V0585,C221,2024-04-07,SNS,문의,요금,포인트를 요금에서 차감할 수 있는지 궁금합니다.,중립
V0586,C221,2024-09-28,앱리뷰,문의,요금,이번 달 요금이 어떻게 구성된 건지 자세히 알고 싶어요.,중립
V0587,C221,2024-08-19,고객센터전화,불만,앱기능,로그인이 계속 풀려요. 생체인증이 제대로 작동하지 않아요.,부정
V0588,C222,2024-06-23,고객센터전화,불만,요금,자동이체가 제대로 안 되는데 연체료까지 붙었어요. 너무 황당합니다.,부정
V0589,C222,2024-06-26,앱리뷰,불만,품질,집에서 신호가 너무 약해요. 와이파이 없으면 데이터가 안 잡혀요.,부정
V0590,C222,2024-07-26,앱리뷰,문의,해지관련,해지관련 관련하여 문의 사항을 전달드립니다.,중립
V0591,C222,2024-03-14,이메일,문의,서비스,현재 가입된 부가서비스 목록을 어디서 확인하나요?,중립
V0592,C222,2024-09-19,이메일,칭찬,해지관련,해지관련 관련하여 칭찬 사항을 전달드립니다.,긍정
V0593,C222,2024-08-10,이메일,칭찬,해지관련,해지관련 관련하여 칭찬 사항을 전달드립니다.,긍정
V0594,C223,2024-12-04,고객센터전화,불만,서비스,같은 문제로 세 번째 전화하고 있어요. 매번 처음부터 설명해야 하나요?,부정
V0595,C223,2024-03-04,고객센터전화,칭찬,해지관련,해지관련 관련하여 칭찬 사항을 전달드립니다.,긍정
V0596,C223,2024-05-10,고객센터전화,불만,서비스,상담사를 기다리다가 30분이 지났는데 아직도 연결이 안 돼요.,부정
V0597,C223,2024-04-03,고객센터전화,불만,요금,요금제 변경했는데 다음 달에도 기존 요금이 청구됐어요. 환불해 주세요.,부정
V0598,C224,2024-10-25,SNS,불만,해지관련,해지 신청 후에도 요금이 계속 청구되고 있어요.,부정
V0599,C224,2024-10-22,고객센터전화,불만,서비스,해지하려고 전화했더니 계속 다른 팀으로 돌리기만 해요.,부정
V0600,C224,2024-06-05,앱리뷰,불만,요금,자동이체가 제대로 안 되는데 연체료까지 붙었어요. 너무 황당합니다.,부정
V0601,C224,2024-10-28,앱리뷰,불만,해지관련,번호이동 신청했는데 일주일이 지나도 진행이 안 되고 있어요.,부정
V0602,C225,2024-11-20,앱리뷰,불만,기타,기타 관련하여 불만 사항을 전달드립니다.,부정
V0603,C225,2024-12-01,앱리뷰,불만,요금,자동이체가 제대로 안 되는데 연체료까지 붙었어요. 너무 황당합니다.,부정
V0604,C225,2024-11-13,앱리뷰,불만,요금,이번 달 요금이 갑자기 많이 나왔어요. 설명 없이 올린 건가요?,부정
V0605,C225,2024-11-13,앱리뷰,불만,품질,집에서 신호가 너무 약해요. 와이파이 없으면 데이터가 안 잡혀요.,부정
V0606,C225,2024-11-24,고객센터전화,불만,품질,어제부터 데이터 속도가 너무 느려요. 거의 쓸 수가 없어요.,부정
V0607,C225,2024-10-21,이메일,제안,앱기능,요금 명세서를 그래프로 보여주는 기능이 있으면 좋겠어요.,중립
V0608,C226,2024-02-26,고객센터전화,문의,품질,품질 관련하여 문의 사항을 전달드립니다.,중립
V0609,C226,2024-02-19,앱리뷰,불만,품질,집에서 신호가 너무 약해요. 와이파이 없으면 데이터가 안 잡혀요.,부정
V0610,C226,2024-06-24,SNS,제안,요금,요금 관련하여 제안 사항을 전달드립니다.,중립
V0611,C226,2024-06-06,앱리뷰,제안,앱기능,요금 명세서를 그래프로 보여주는 기능이 있으면 좋겠어요.,중립
V0612,C227,2024-07-08,이메일,불만,요금,요금제 변경했는데 다음 달에도 기존 요금이 청구됐어요. 환불해 주세요.,부정
V0613,C227,2024-08-28,이메일,문의,품질,품질 관련하여 문의 사항을 전달드립니다.,중립
V0614,C227,2024-03-21,SNS,불만,앱기능,앱이 자꾸 튕겨요. 업데이트 후부터 더 심해졌어요.,부정
V0615,C228,2024-09-02,고객센터전화,불만,서비스,상담사를 기다리다가 30분이 지났는데 아직도 연결이 안 돼요.,부정
V0616,C228,2024-12-09,고객센터전화,불만,서비스,같은 문제로 세 번째 전화하고 있어요. 매번 처음부터 설명해야 하나요?,부정
V0617,C228,2024-02-20,고객센터전화,불만,요금,이번 달 요금이 갑자기 많이 나왔어요. 설명 없이 올린 건가요?,부정
V0618,C228,2024-02-05,고객센터전화,불만,품질,통화 중에 자꾸 끊깁니다. 몇 번을 신고해도 나아지질 않네요.,부정
V0619,C229,2024-12-13,고객센터전화,불만,요금,자동이체가 제대로 안 되는데 연체료까지 붙었어요. 너무 황당합니다.,부정
V0620,C229,2024-08-21,이메일,제안,해지관련,해지관련 관련하여 제안 사항을 전달드립니다.,중립
V0621,C231,2024-07-27,고객센터전화,문의,요금,가족결합 할인은 어떻게 신청하나요?,중립
V0622,C231,2024-12-09,SNS,불만,해지관련,해지하려는데 위약금 설명이 너무 복잡해요. 명확하게 알려주세요.,부정
V0623,C232,2024-10-13,이메일,불만,해지관련,해지하려는데 위약금 설명이 너무 복잡해요. 명확하게 알려주세요.,부정
V0624,C232,2024-10-06,앱리뷰,불만,서비스,상담사를 기다리다가 30분이 지났는데 아직도 연결이 안 돼요.,부정
V0625,C232,2024-07-08,고객센터전화,불만,앱기능,앱이 자꾸 튕겨요. 업데이트 후부터 더 심해졌어요.,부정
V0626,C232,2024-01-11,SNS,제안,품질,품질 관련하여 제안 사항을 전달드립니다.,중립
V0627,C233,2024-12-22,이메일,제안,기타,기타 관련하여 제안 사항을 전달드립니다.,중립
V0628,C233,2024-11-19,고객센터전화,문의,서비스,명의변경 절차가 어떻게 되나요?,중립
V0629,C233,2024-06-15,고객센터전화,불만,기타,기타 관련하여 불만 사항을 전달드립니다.,부정
V0630,C233,2024-02-28,앱리뷰,제안,서비스,장기 고객에게 특별 혜택을 주는 프로그램이 있으면 좋겠어요.,중립
V0631,C234,2024-08-05,이메일,문의,해지관련,해지관련 관련하여 문의 사항을 전달드립니다.,중립
V0632,C234,2024-05-25,고객센터전화,불만,서비스,해지하려고 전화했더니 계속 다른 팀으로 돌리기만 해요.,부정
V0633,C235,2024-07-09,이메일,불만,서비스,상담사를 기다리다가 30분이 지났는데 아직도 연결이 안 돼요.,부정
V0634,C235,2024-02-04,앱리뷰,문의,해지관련,해지관련 관련하여 문의 사항을 전달드립니다.,중립
V0635,C235,2024-03-24,고객센터전화,제안,품질,품질 관련하여 제안 사항을 전달드립니다.,중립
V0636,C235,2024-10-11,고객센터전화,불만,요금,요금제 변경했는데 다음 달에도 기존 요금이 청구됐어요. 환불해 주세요.,부정
V0637,C236,2024-02-03,앱리뷰,불만,품질,어제부터 데이터 속도가 너무 느려요. 거의 쓸 수가 없어요.,부정
V0638,C236,2024-03-15,고객센터전화,제안,기타,기타 관련하여 제안 사항을 전달드립니다.,중립
V0639,C237,2024-11-26,고객센터전화,불만,요금,이번 달 요금이 갑자기 많이 나왔어요. 설명 없이 올린 건가요?,부정
V0640,C237,2024-11-16,이메일,문의,요금,이번 달 요금이 어떻게 구성된 건지 자세히 알고 싶어요.,중립
V0641,C237,2024-09-26,앱리뷰,제안,품질,품질 관련하여 제안 사항을 전달드립니다.,중립
V0642,C237,2024-04-08,SNS,문의,해지관련,해지관련 관련하여 문의 사항을 전달드립니다.,중립
V0643,C239,2024-02-25,SNS,불만,기타,기타 관련하여 불만 사항을 전달드립니다.,부정
V0644,C239,2024-04-28,SNS,불만,해지관련,번호이동 신청했는데 일주일이 지나도 진행이 안 되고 있어요.,부정
V0645,C239,2024-04-17,이메일,문의,요금,이번 달 요금이 어떻게 구성된 건지 자세히 알고 싶어요.,중립
V0646,C239,2024-10-28,SNS,불만,요금,요금제 변경했는데 다음 달에도 기존 요금이 청구됐어요. 환불해 주세요.,부정
V0647,C240,2024-04-26,앱리뷰,불만,서비스,해지하려고 전화했더니 계속 다른 팀으로 돌리기만 해요.,부정
V0648,C240,2024-03-14,고객센터전화,제안,서비스,생일 축하 데이터 보너스 같은 이벤트를 해주세요.,중립
V0649,C241,2024-08-23,SNS,칭찬,품질,품질 관련하여 칭찬 사항을 전달드립니다.,긍정
V0650,C241,2024-05-03,고객센터전화,문의,요금,이번 달 요금이 어떻게 구성된 건지 자세히 알고 싶어요.,중립
V0651,C241,2024-06-04,고객센터전화,제안,서비스,고객 등급제를 도입해서 충성 고객에게 혜택을 줬으면 해요.,중립
V0652,C241,2024-04-03,앱리뷰,불만,요금,자동이체가 제대로 안 되는데 연체료까지 붙었어요. 너무 황당합니다.,부정
V0653,C242,2024-05-04,이메일,불만,요금,이번 달 요금이 갑자기 많이 나왔어요. 설명 없이 올린 건가요?,부정
V0654,C242,2024-09-06,고객센터전화,불만,요금,자동이체가 제대로 안 되는데 연체료까지 붙었어요. 너무 황당합니다.,부정
V0655,C243,2024-07-16,이메일,불만,서비스,상담사를 기다리다가 30분이 지났는데 아직도 연결이 안 돼요.,부정
V0656,C243,2024-08-06,고객센터전화,문의,요금,이번 달 요금이 어떻게 구성된 건지 자세히 알고 싶어요.,중립
V0657,C244,2024-08-27,앱리뷰,제안,서비스,장기 고객에게 특별 혜택을 주는 프로그램이 있으면 좋겠어요.,중립
V0658,C244,2024-06-27,고객센터전화,제안,품질,품질 관련하여 제안 사항을 전달드립니다.,중립
V0659,C245,2024-06-20,고객센터전화,불만,앱기능,로그인이 계속 풀려요. 생체인증이 제대로 작동하지 않아요.,부정
V0660,C245,2024-03-22,앱리뷰,불만,해지관련,해지하려는데 위약금 설명이 너무 복잡해요. 명확하게 알려주세요.,부정
V0661,C245,2024-04-16,앱리뷰,문의,서비스,명의변경 절차가 어떻게 되나요?,중립
V0662,C246,2024-06-27,SNS,불만,요금,요금제 변경했는데 다음 달에도 기존 요금이 청구됐어요. 환불해 주세요.,부정
V0663,C246,2024-08-18,앱리뷰,칭찬,앱기능,앱기능 관련하여 칭찬 사항을 전달드립니다.,긍정
V0664,C246,2024-07-16,앱리뷰,문의,해지관련,해지관련 관련하여 문의 사항을 전달드립니다.,중립
V0665,C246,2024-08-10,고객센터전화,칭찬,앱기능,앱기능 관련하여 칭찬 사항을 전달드립니다.,긍정
V0666,C247,2024-04-20,고객센터전화,문의,품질,품질 관련하여 문의 사항을 전달드립니다.,중립
V0667,C248,2024-02-13,고객센터전화,문의,해지관련,해지관련 관련하여 문의 사항을 전달드립니다.,중립
V0668,C249,2024-11-04,앱리뷰,불만,서비스,해지하려고 전화했더니 계속 다른 팀으로 돌리기만 해요.,부정
V0669,C249,2024-12-30,SNS,문의,요금,가족결합 할인은 어떻게 신청하나요?,중립
V0670,C250,2024-05-07,앱리뷰,칭찬,품질,품질 관련하여 칭찬 사항을 전달드립니다.,긍정
V0671,C250,2024-07-26,앱리뷰,불만,서비스,해지하려고 전화했더니 계속 다른 팀으로 돌리기만 해요.,부정
V0672,C250,2024-07-27,이메일,문의,품질,품질 관련하여 문의 사항을 전달드립니다.,중립
V0673,C250,2024-07-05,고객센터전화,문의,해지관련,해지관련 관련하여 문의 사항을 전달드립니다.,중립
V0674,C251,2024-04-21,앱리뷰,문의,앱기능,앱기능 관련하여 문의 사항을 전달드립니다.,중립
V0675,C251,2024-11-26,고객센터전화,불만,요금,자동이체가 제대로 안 되는데 연체료까지 붙었어요. 너무 황당합니다.,부정
V0676,C251,2024-08-22,고객센터전화,칭찬,품질,품질 관련하여 칭찬 사항을 전달드립니다.,긍정
V0677,C251,2024-04-17,고객센터전화,칭찬,앱기능,앱기능 관련하여 칭찬 사항을 전달드립니다.,긍정
V0678,C251,2024-11-23,고객센터전화,불만,요금,자동이체가 제대로 안 되는데 연체료까지 붙었어요. 너무 황당합니다.,부정
V0679,C251,2024-11-27,고객센터전화,불만,품질,어제부터 데이터 속도가 너무 느려요. 거의 쓸 수가 없어요.,부정
V0680,C252,2024-08-02,앱리뷰,불만,품질,어제부터 데이터 속도가 너무 느려요. 거의 쓸 수가 없어요.,부정
V0681,C252,2024-11-23,고객센터전화,불만,앱기능,앱이 자꾸 튕겨요. 업데이트 후부터 더 심해졌어요.,부정
V0682,C252,2024-12-14,이메일,문의,요금,포인트를 요금에서 차감할 수 있는지 궁금합니다.,중립
V0683,C252,2024-05-23,SNS,불만,품질,집에서 신호가 너무 약해요. 와이파이 없으면 데이터가 안 잡혀요.,부정
V0684,C253,2024-06-12,고객센터전화,칭찬,요금,요금 관련하여 칭찬 사항을 전달드립니다.,긍정
V0685,C253,2024-11-20,고객센터전화,문의,요금,이번 달 요금이 어떻게 구성된 건지 자세히 알고 싶어요.,중립
V0686,C253,2024-11-27,이메일,문의,서비스,현재 가입된 부가서비스 목록을 어디서 확인하나요?,중립
V0687,C253,2024-11-17,고객센터전화,불만,앱기능,앱에서 요금 명세서를 찾을 수가 없어요. UI가 너무 불편해요.,부정
V0688,C254,2024-04-27,앱리뷰,문의,품질,품질 관련하여 문의 사항을 전달드립니다.,중립
V0689,C255,2024-05-23,앱리뷰,문의,품질,품질 관련하여 문의 사항을 전달드립니다.,중립
V0690,C255,2024-07-05,고객센터전화,제안,기타,기타 관련하여 제안 사항을 전달드립니다.,중립
V0691,C255,2024-01-20,이메일,불만,품질,어제부터 데이터 속도가 너무 느려요. 거의 쓸 수가 없어요.,부정
V0692,C256,2024-04-08,고객센터전화,불만,서비스,같은 문제로 세 번째 전화하고 있어요. 매번 처음부터 설명해야 하나요?,부정
V0693,C256,2024-08-03,고객센터전화,제안,서비스,고객 등급제를 도입해서 충성 고객에게 혜택을 줬으면 해요.,중립
V0694,C256,2024-04-18,고객센터전화,불만,서비스,같은 문제로 세 번째 전화하고 있어요. 매번 처음부터 설명해야 하나요?,부정
V0695,C257,2024-10-31,고객센터전화,불만,품질,통화 중에 자꾸 끊깁니다. 몇 번을 신고해도 나아지질 않네요.,부정
V0696,C258,2024-12-29,이메일,제안,서비스,장기 고객에게 특별 혜택을 주는 프로그램이 있으면 좋겠어요.,중립
V0697,C259,2024-06-09,고객센터전화,불만,앱기능,앱에서 요금 명세서를 찾을 수가 없어요. UI가 너무 불편해요.,부정
V0698,C259,2024-02-24,고객센터전화,불만,서비스,해지하려고 전화했더니 계속 다른 팀으로 돌리기만 해요.,부정
V0699,C260,2024-06-29,이메일,칭찬,서비스,앱 업데이트 후 많이 편해졌어요. 개발팀 수고하셨습니다.,긍정
V0700,C260,2024-12-03,고객센터전화,제안,서비스,고객 등급제를 도입해서 충성 고객에게 혜택을 줬으면 해요.,중립
V0701,C260,2024-08-23,이메일,불만,요금,요금제 변경했는데 다음 달에도 기존 요금이 청구됐어요. 환불해 주세요.,부정
V0702,C260,2024-09-05,SNS,불만,서비스,해지하려고 전화했더니 계속 다른 팀으로 돌리기만 해요.,부정
V0703,C261,2024-04-06,고객센터전화,제안,품질,품질 관련하여 제안 사항을 전달드립니다.,중립
V0704,C261,2024-05-10,고객센터전화,문의,서비스,명의변경 절차가 어떻게 되나요?,중립
V0705,C262,2024-10-08,앱리뷰,불만,기타,기타 관련하여 불만 사항을 전달드립니다.,부정
V0706,C262,2024-06-23,고객센터전화,문의,품질,품질 관련하여 문의 사항을 전달드립니다.,중립
V0707,C263,2024-11-13,SNS,칭찬,품질,품질 관련하여 칭찬 사항을 전달드립니다.,긍정
V0708,C263,2024-02-08,SNS,불만,서비스,상담사를 기다리다가 30분이 지났는데 아직도 연결이 안 돼요.,부정
V0709,C264,2024-04-12,이메일,제안,요금,요금 관련하여 제안 사항을 전달드립니다.,중립
V0710,C264,2024-03-17,SNS,문의,해지관련,해지관련 관련하여 문의 사항을 전달드립니다.,중립
V0711,C265,2024-07-20,SNS,문의,서비스,명의변경 절차가 어떻게 되나요?,중립
V0712,C266,2024-01-17,SNS,문의,서비스,현재 가입된 부가서비스 목록을 어디서 확인하나요?,중립
V0713,C267,2024-04-29,SNS,문의,품질,품질 관련하여 문의 사항을 전달드립니다.,중립
V0714,C267,2024-11-27,고객센터전화,불만,요금,자동이체가 제대로 안 되는데 연체료까지 붙었어요. 너무 황당합니다.,부정
V0715,C267,2024-01-23,SNS,칭찬,기타,기타 관련하여 칭찬 사항을 전달드립니다.,긍정
V0716,C267,2024-12-11,앱리뷰,문의,서비스,명의변경 절차가 어떻게 되나요?,중립
V0717,C268,2024-12-02,이메일,문의,요금,이번 달 요금이 어떻게 구성된 건지 자세히 알고 싶어요.,중립
V0718,C268,2024-06-03,이메일,불만,요금,이번 달 요금이 갑자기 많이 나왔어요. 설명 없이 올린 건가요?,부정
V0719,C268,2024-08-14,이메일,칭찬,기타,기타 관련하여 칭찬 사항을 전달드립니다.,긍정
V0720,C269,2024-01-30,앱리뷰,문의,앱기능,앱기능 관련하여 문의 사항을 전달드립니다.,중립
V0721,C270,2024-07-04,앱리뷰,불만,요금,요금제 변경했는데 다음 달에도 기존 요금이 청구됐어요. 환불해 주세요.,부정
V0722,C270,2024-12-31,고객센터전화,문의,서비스,해외 로밍 서비스 신청 방법이 궁금합니다.,중립
V0723,C271,2024-06-20,SNS,문의,서비스,현재 가입된 부가서비스 목록을 어디서 확인하나요?,중립
V0724,C271,2024-03-02,앱리뷰,칭찬,기타,기타 관련하여 칭찬 사항을 전달드립니다.,긍정
V0725,C272,2024-08-03,앱리뷰,불만,요금,자동이체가 제대로 안 되는데 연체료까지 붙었어요. 너무 황당합니다.,부정
V0726,C272,2024-08-13,앱리뷰,불만,앱기능,앱이 자꾸 튕겨요. 업데이트 후부터 더 심해졌어요.,부정
V0727,C272,2024-07-25,고객센터전화,불만,요금,자동이체가 제대로 안 되는데 연체료까지 붙었어요. 너무 황당합니다.,부정
V0728,C273,2024-07-12,이메일,문의,앱기능,앱기능 관련하여 문의 사항을 전달드립니다.,중립
V0729,C273,2024-10-08,이메일,문의,품질,품질 관련하여 문의 사항을 전달드립니다.,중립
V0730,C273,2024-02-15,고객센터전화,불만,해지관련,해지하려는데 위약금 설명이 너무 복잡해요. 명확하게 알려주세요.,부정
V0731,C274,2024-07-09,고객센터전화,불만,서비스,해지하려고 전화했더니 계속 다른 팀으로 돌리기만 해요.,부정
V0732,C274,2024-04-17,SNS,불만,해지관련,번호이동 신청했는데 일주일이 지나도 진행이 안 되고 있어요.,부정
V0733,C274,2024-11-15,고객센터전화,불만,해지관련,해지하려는데 위약금 설명이 너무 복잡해요. 명확하게 알려주세요.,부정
V0734,C274,2024-04-17,SNS,제안,서비스,고객 등급제를 도입해서 충성 고객에게 혜택을 줬으면 해요.,중립
V0735,C275,2024-01-15,SNS,문의,요금,이번 달 요금이 어떻게 구성된 건지 자세히 알고 싶어요.,중립
V0736,C276,2024-02-26,이메일,불만,앱기능,앱이 자꾸 튕겨요. 업데이트 후부터 더 심해졌어요.,부정
V0737,C276,2024-04-08,앱리뷰,문의,품질,품질 관련하여 문의 사항을 전달드립니다.,중립
V0738,C276,2024-08-01,앱리뷰,불만,해지관련,해지하려는데 위약금 설명이 너무 복잡해요. 명확하게 알려주세요.,부정
V0739,C276,2024-09-17,고객센터전화,불만,요금,자동이체가 제대로 안 되는데 연체료까지 붙었어요. 너무 황당합니다.,부정
V0740,C276,2024-10-11,이메일,불만,기타,기타 관련하여 불만 사항을 전달드립니다.,부정
V0741,C276,2024-04-07,SNS,불만,서비스,상담사를 기다리다가 30분이 지났는데 아직도 연결이 안 돼요.,부정
V0742,C277,2024-09-26,SNS,불만,서비스,상담사를 기다리다가 30분이 지났는데 아직도 연결이 안 돼요.,부정
V0743,C278,2024-08-07,고객센터전화,불만,요금,이번 달 요금이 갑자기 많이 나왔어요. 설명 없이 올린 건가요?,부정
V0744,C278,2024-05-02,이메일,문의,앱기능,앱기능 관련하여 문의 사항을 전달드립니다.,중립
V0745,C278,2024-10-11,이메일,문의,앱기능,앱기능 관련하여 문의 사항을 전달드립니다.,중립
V0746,C278,2024-08-13,이메일,문의,요금,이번 달 요금이 어떻게 구성된 건지 자세히 알고 싶어요.,중립
V0747,C279,2024-10-17,고객센터전화,문의,서비스,명의변경 절차가 어떻게 되나요?,중립
V0748,C279,2024-06-01,앱리뷰,불만,서비스,해지하려고 전화했더니 계속 다른 팀으로 돌리기만 해요.,부정
V0749,C279,2024-11-19,고객센터전화,불만,요금,자동이체가 제대로 안 되는데 연체료까지 붙었어요. 너무 황당합니다.,부정
V0750,C279,2024-01-27,앱리뷰,불만,요금,자동이체가 제대로 안 되는데 연체료까지 붙었어요. 너무 황당합니다.,부정
V0751,C280,2024-10-16,이메일,제안,서비스,장기 고객에게 특별 혜택을 주는 프로그램이 있으면 좋겠어요.,중립
V0752,C280,2024-08-09,고객센터전화,불만,품질,어제부터 데이터 속도가 너무 느려요. 거의 쓸 수가 없어요.,부정
V0753,C280,2024-10-08,앱리뷰,불만,해지관련,해지 신청 후에도 요금이 계속 청구되고 있어요.,부정
V0754,C280,2024-07-17,앱리뷰,불만,요금,자동이체가 제대로 안 되는데 연체료까지 붙었어요. 너무 황당합니다.,부정
V0755,C280,2024-07-20,앱리뷰,불만,서비스,해지하려고 전화했더니 계속 다른 팀으로 돌리기만 해요.,부정
V0756,C281,2024-02-03,앱리뷰,문의,요금,이번 달 요금이 어떻게 구성된 건지 자세히 알고 싶어요.,중립
V0757,C281,2024-09-23,이메일,문의,해지관련,해지관련 관련하여 문의 사항을 전달드립니다.,중립
V0758,C281,2024-01-08,SNS,문의,요금,가족결합 할인은 어떻게 신청하나요?,중립
V0759,C282,2024-12-04,고객센터전화,불만,앱기능,앱에서 요금 명세서를 찾을 수가 없어요. UI가 너무 불편해요.,부정
V0760,C282,2024-11-25,앱리뷰,불만,해지관련,해지하려는데 위약금 설명이 너무 복잡해요. 명확하게 알려주세요.,부정
V0761,C282,2024-01-25,앱리뷰,칭찬,요금,요금 관련하여 칭찬 사항을 전달드립니다.,긍정
V0762,C283,2024-11-01,이메일,칭찬,앱기능,앱기능 관련하여 칭찬 사항을 전달드립니다.,긍정
V0763,C283,2024-03-13,고객센터전화,칭찬,요금,요금 관련하여 칭찬 사항을 전달드립니다.,긍정
V0764,C283,2024-04-26,고객센터전화,문의,기타,기타 관련하여 문의 사항을 전달드립니다.,중립
V0765,C283,2024-12-09,SNS,제안,요금,요금 관련하여 제안 사항을 전달드립니다.,중립
V0766,C284,2024-09-13,고객센터전화,제안,서비스,고객 등급제를 도입해서 충성 고객에게 혜택을 줬으면 해요.,중립
V0767,C284,2024-03-03,SNS,불만,서비스,같은 문제로 세 번째 전화하고 있어요. 매번 처음부터 설명해야 하나요?,부정
V0768,C285,2024-10-01,앱리뷰,칭찬,서비스,상담사분이 너무 친절하고 문제를 바로 해결해 주셨어요. 감사해요!,긍정
V0769,C285,2024-11-03,고객센터전화,문의,품질,품질 관련하여 문의 사항을 전달드립니다.,중립
V0770,C285,2024-02-26,앱리뷰,문의,해지관련,해지관련 관련하여 문의 사항을 전달드립니다.,중립
V0771,C285,2024-09-02,앱리뷰,문의,서비스,명의변경 절차가 어떻게 되나요?,중립
V0772,C286,2024-04-12,앱리뷰,문의,품질,품질 관련하여 문의 사항을 전달드립니다.,중립
V0773,C286,2024-10-01,앱리뷰,불만,앱기능,로그인이 계속 풀려요. 생체인증이 제대로 작동하지 않아요.,부정
V0774,C286,2024-04-05,고객센터전화,불만,서비스,해지하려고 전화했더니 계속 다른 팀으로 돌리기만 해요.,부정
V0775,C287,2024-05-30,이메일,문의,요금,가족결합 할인은 어떻게 신청하나요?,중립
V0776,C288,2024-07-23,이메일,불만,품질,통화 중에 자꾸 끊깁니다. 몇 번을 신고해도 나아지질 않네요.,부정
V0777,C288,2024-09-29,이메일,불만,앱기능,앱이 자꾸 튕겨요. 업데이트 후부터 더 심해졌어요.,부정
V0778,C289,2024-06-04,앱리뷰,제안,기타,기타 관련하여 제안 사항을 전달드립니다.,중립
V0779,C289,2024-09-17,고객센터전화,문의,품질,품질 관련하여 문의 사항을 전달드립니다.,중립
V0780,C290,2024-03-30,SNS,불만,품질,집에서 신호가 너무 약해요. 와이파이 없으면 데이터가 안 잡혀요.,부정
V0781,C290,2024-01-07,고객센터전화,불만,요금,요금제 변경했는데 다음 달에도 기존 요금이 청구됐어요. 환불해 주세요.,부정
V0782,C291,2024-08-27,앱리뷰,제안,앱기능,가족 데이터 공유 기능을 추가해 주시면 정말 유용할 것 같아요.,중립
V0783,C291,2024-03-22,앱리뷰,불만,서비스,같은 문제로 세 번째 전화하고 있어요. 매번 처음부터 설명해야 하나요?,부정
V0784,C292,2024-12-12,앱리뷰,불만,서비스,상담사를 기다리다가 30분이 지났는데 아직도 연결이 안 돼요.,부정
V0785,C292,2024-05-07,앱리뷰,불만,요금,이번 달 요금이 갑자기 많이 나왔어요. 설명 없이 올린 건가요?,부정
V0786,C293,2024-04-22,이메일,제안,해지관련,해지관련 관련하여 제안 사항을 전달드립니다.,중립
V0787,C293,2024-08-17,앱리뷰,문의,기타,기타 관련하여 문의 사항을 전달드립니다.,중립
V0788,C293,2024-09-20,이메일,불만,앱기능,앱에서 요금 명세서를 찾을 수가 없어요. UI가 너무 불편해요.,부정
V0789,C293,2024-05-27,이메일,제안,서비스,생일 축하 데이터 보너스 같은 이벤트를 해주세요.,중립
V0790,C294,2024-04-20,고객센터전화,불만,요금,요금제 변경했는데 다음 달에도 기존 요금이 청구됐어요. 환불해 주세요.,부정
V0791,C294,2024-03-02,SNS,불만,해지관련,번호이동 신청했는데 일주일이 지나도 진행이 안 되고 있어요.,부정
V0792,C294,2024-06-05,고객센터전화,칭찬,품질,품질 관련하여 칭찬 사항을 전달드립니다.,긍정
V0793,C294,2024-09-26,SNS,제안,품질,품질 관련하여 제안 사항을 전달드립니다.,중립
V0794,C295,2024-08-22,고객센터전화,문의,품질,품질 관련하여 문의 사항을 전달드립니다.,중립
V0795,C295,2024-08-19,앱리뷰,불만,해지관련,번호이동 신청했는데 일주일이 지나도 진행이 안 되고 있어요.,부정
V0796,C295,2024-07-23,고객센터전화,문의,앱기능,앱기능 관련하여 문의 사항을 전달드립니다.,중립
V0797,C295,2024-08-23,앱리뷰,불만,요금,이번 달 요금이 갑자기 많이 나왔어요. 설명 없이 올린 건가요?,부정
V0798,C296,2024-10-13,앱리뷰,불만,품질,집에서 신호가 너무 약해요. 와이파이 없으면 데이터가 안 잡혀요.,부정
V0799,C297,2024-06-15,고객센터전화,불만,해지관련,해지하려는데 위약금 설명이 너무 복잡해요. 명확하게 알려주세요.,부정
V0800,C298,2024-03-03,SNS,칭찬,서비스,이번에 요금 정정 처리가 빠르게 돼서 정말 만족스러웠어요.,긍정
V0801,C298,2024-07-04,SNS,불만,해지관련,해지 신청 후에도 요금이 계속 청구되고 있어요.,부정
V0802,C298,2024-02-06,이메일,문의,품질,품질 관련하여 문의 사항을 전달드립니다.,중립
V0803,C298,2024-11-19,이메일,불만,서비스,해지하려고 전화했더니 계속 다른 팀으로 돌리기만 해요.,부정
V0804,C299,2024-04-24,앱리뷰,문의,기타,기타 관련하여 문의 사항을 전달드립니다.,중립
V0805,C299,2024-07-23,고객센터전화,칭찬,서비스,상담사분이 너무 친절하고 문제를 바로 해결해 주셨어요. 감사해요!,긍정
V0806,C299,2024-12-10,앱리뷰,칭찬,서비스,상담사분이 너무 친절하고 문제를 바로 해결해 주셨어요. 감사해요!,긍정
V0807,C300,2024-05-16,앱리뷰,불만,서비스,상담사를 기다리다가 30분이 지났는데 아직도 연결이 안 돼요.,부정
V0808,C300,2024-07-04,고객센터전화,문의,서비스,명의변경 절차가 어떻게 되나요?,중립
V0809,C301,2024-12-07,앱리뷰,불만,품질,통화 중에 자꾸 끊깁니다. 몇 번을 신고해도 나아지질 않네요.,부정
V0810,C301,2024-03-30,이메일,문의,서비스,해외 로밍 서비스 신청 방법이 궁금합니다.,중립
V0811,C302,2024-04-21,이메일,칭찬,요금,요금 관련하여 칭찬 사항을 전달드립니다.,긍정
V0812,C302,2024-07-12,고객센터전화,불만,품질,집에서 신호가 너무 약해요. 와이파이 없으면 데이터가 안 잡혀요.,부정
V0813,C302,2024-06-02,SNS,불만,서비스,상담사를 기다리다가 30분이 지났는데 아직도 연결이 안 돼요.,부정
V0814,C303,2024-05-26,고객센터전화,제안,기타,기타 관련하여 제안 사항을 전달드립니다.,중립
V0815,C303,2024-05-27,SNS,불만,서비스,같은 문제로 세 번째 전화하고 있어요. 매번 처음부터 설명해야 하나요?,부정
V0816,C303,2024-04-09,이메일,불만,요금,요금제 변경했는데 다음 달에도 기존 요금이 청구됐어요. 환불해 주세요.,부정
V0817,C304,2024-06-09,고객센터전화,불만,품질,어제부터 데이터 속도가 너무 느려요. 거의 쓸 수가 없어요.,부정
V0818,C304,2024-10-16,앱리뷰,불만,해지관련,해지하려는데 위약금 설명이 너무 복잡해요. 명확하게 알려주세요.,부정
V0819,C304,2024-10-02,이메일,문의,품질,품질 관련하여 문의 사항을 전달드립니다.,중립
V0820,C304,2024-03-26,이메일,칭찬,기타,기타 관련하여 칭찬 사항을 전달드립니다.,긍정
V0821,C305,2024-05-24,SNS,제안,요금,요금 관련하여 제안 사항을 전달드립니다.,중립
V0822,C306,2024-05-11,앱리뷰,불만,해지관련,번호이동 신청했는데 일주일이 지나도 진행이 안 되고 있어요.,부정
V0823,C307,2024-02-24,고객센터전화,불만,요금,이번 달 요금이 갑자기 많이 나왔어요. 설명 없이 올린 건가요?,부정
V0824,C307,2024-02-02,이메일,불만,서비스,해지하려고 전화했더니 계속 다른 팀으로 돌리기만 해요.,부정
V0825,C307,2024-02-23,SNS,불만,앱기능,앱에서 요금 명세서를 찾을 수가 없어요. UI가 너무 불편해요.,부정
V0826,C308,2024-08-10,이메일,문의,품질,품질 관련하여 문의 사항을 전달드립니다.,중립
V0827,C309,2024-01-10,고객센터전화,제안,품질,품질 관련하여 제안 사항을 전달드립니다.,중립
V0828,C309,2024-08-27,앱리뷰,불만,기타,기타 관련하여 불만 사항을 전달드립니다.,부정
V0829,C309,2024-09-18,앱리뷰,불만,해지관련,해지 신청 후에도 요금이 계속 청구되고 있어요.,부정
V0830,C310,2024-08-05,고객센터전화,불만,앱기능,앱에서 요금 명세서를 찾을 수가 없어요. UI가 너무 불편해요.,부정
V0831,C310,2024-10-05,SNS,불만,품질,통화 중에 자꾸 끊깁니다. 몇 번을 신고해도 나아지질 않네요.,부정
V0832,C310,2024-07-05,이메일,불만,요금,자동이체가 제대로 안 되는데 연체료까지 붙었어요. 너무 황당합니다.,부정
V0833,C311,2024-10-06,앱리뷰,제안,서비스,고객 등급제를 도입해서 충성 고객에게 혜택을 줬으면 해요.,중립
V0834,C311,2024-09-28,앱리뷰,문의,요금,이번 달 요금이 어떻게 구성된 건지 자세히 알고 싶어요.,중립
V0835,C311,2024-06-02,SNS,불만,서비스,상담사를 기다리다가 30분이 지났는데 아직도 연결이 안 돼요.,부정
V0836,C311,2024-02-09,이메일,문의,서비스,해외 로밍 서비스 신청 방법이 궁금합니다.,중립
V0837,C313,2024-05-21,고객센터전화,불만,품질,통화 중에 자꾸 끊깁니다. 몇 번을 신고해도 나아지질 않네요.,부정
V0838,C313,2024-02-05,앱리뷰,문의,서비스,명의변경 절차가 어떻게 되나요?,중립
V0839,C313,2024-06-18,앱리뷰,문의,앱기능,앱기능 관련하여 문의 사항을 전달드립니다.,중립
V0840,C313,2024-07-26,이메일,불만,품질,통화 중에 자꾸 끊깁니다. 몇 번을 신고해도 나아지질 않네요.,부정
V0841,C314,2024-07-23,고객센터전화,불만,서비스,상담사를 기다리다가 30분이 지났는데 아직도 연결이 안 돼요.,부정
V0842,C314,2024-06-10,고객센터전화,칭찬,품질,품질 관련하여 칭찬 사항을 전달드립니다.,긍정
V0843,C314,2024-12-04,SNS,불만,요금,자동이체가 제대로 안 되는데 연체료까지 붙었어요. 너무 황당합니다.,부정
V0844,C315,2024-04-28,앱리뷰,문의,서비스,해외 로밍 서비스 신청 방법이 궁금합니다.,중립
V0845,C316,2024-04-22,SNS,제안,해지관련,해지관련 관련하여 제안 사항을 전달드립니다.,중립
V0846,C316,2024-07-30,앱리뷰,불만,요금,자동이체가 제대로 안 되는데 연체료까지 붙었어요. 너무 황당합니다.,부정
V0847,C317,2024-04-05,SNS,문의,서비스,명의변경 절차가 어떻게 되나요?,중립
V0848,C317,2024-06-20,고객센터전화,문의,해지관련,해지관련 관련하여 문의 사항을 전달드립니다.,중립
V0849,C318,2024-11-18,앱리뷰,불만,품질,통화 중에 자꾸 끊깁니다. 몇 번을 신고해도 나아지질 않네요.,부정
V0850,C319,2024-05-16,앱리뷰,불만,요금,자동이체가 제대로 안 되는데 연체료까지 붙었어요. 너무 황당합니다.,부정
V0851,C320,2024-04-20,SNS,제안,서비스,생일 축하 데이터 보너스 같은 이벤트를 해주세요.,중립
V0852,C321,2024-11-08,앱리뷰,불만,해지관련,해지하려는데 위약금 설명이 너무 복잡해요. 명확하게 알려주세요.,부정
V0853,C321,2024-09-04,고객센터전화,불만,품질,통화 중에 자꾸 끊깁니다. 몇 번을 신고해도 나아지질 않네요.,부정
V0854,C321,2024-04-11,앱리뷰,문의,서비스,해외 로밍 서비스 신청 방법이 궁금합니다.,중립
V0855,C321,2024-07-26,고객센터전화,불만,기타,기타 관련하여 불만 사항을 전달드립니다.,부정
V0856,C322,2024-12-15,이메일,문의,요금,이번 달 요금이 어떻게 구성된 건지 자세히 알고 싶어요.,중립
V0857,C322,2024-02-10,앱리뷰,불만,서비스,해지하려고 전화했더니 계속 다른 팀으로 돌리기만 해요.,부정
V0858,C322,2024-11-17,SNS,불만,품질,집에서 신호가 너무 약해요. 와이파이 없으면 데이터가 안 잡혀요.,부정
V0859,C323,2024-06-29,고객센터전화,문의,서비스,명의변경 절차가 어떻게 되나요?,중립
V0860,C323,2024-08-19,이메일,불만,서비스,해지하려고 전화했더니 계속 다른 팀으로 돌리기만 해요.,부정
V0861,C323,2024-12-05,이메일,칭찬,서비스,이번에 요금 정정 처리가 빠르게 돼서 정말 만족스러웠어요.,긍정
V0862,C324,2024-09-04,고객센터전화,제안,기타,기타 관련하여 제안 사항을 전달드립니다.,중립
V0863,C324,2024-02-13,고객센터전화,불만,품질,통화 중에 자꾸 끊깁니다. 몇 번을 신고해도 나아지질 않네요.,부정
V0864,C324,2024-12-13,앱리뷰,제안,요금,요금 관련하여 제안 사항을 전달드립니다.,중립
V0865,C324,2024-07-31,앱리뷰,불만,요금,자동이체가 제대로 안 되는데 연체료까지 붙었어요. 너무 황당합니다.,부정
V0866,C325,2024-08-19,고객센터전화,칭찬,해지관련,해지관련 관련하여 칭찬 사항을 전달드립니다.,긍정
V0867,C326,2024-03-11,SNS,불만,해지관련,해지하려는데 위약금 설명이 너무 복잡해요. 명확하게 알려주세요.,부정
V0868,C326,2024-06-15,이메일,불만,품질,통화 중에 자꾸 끊깁니다. 몇 번을 신고해도 나아지질 않네요.,부정
V0869,C327,2024-02-09,이메일,제안,앱기능,요금 명세서를 그래프로 보여주는 기능이 있으면 좋겠어요.,중립
V0870,C327,2024-04-10,고객센터전화,문의,서비스,해외 로밍 서비스 신청 방법이 궁금합니다.,중립
V0871,C327,2024-11-24,이메일,문의,해지관련,해지관련 관련하여 문의 사항을 전달드립니다.,중립
V0872,C327,2024-01-09,앱리뷰,칭찬,해지관련,해지관련 관련하여 칭찬 사항을 전달드립니다.,긍정
V0873,C328,2024-04-10,앱리뷰,문의,품질,품질 관련하여 문의 사항을 전달드립니다.,중립
V0874,C328,2024-04-20,고객센터전화,문의,요금,이번 달 요금이 어떻게 구성된 건지 자세히 알고 싶어요.,중립
V0875,C328,2024-09-09,고객센터전화,불만,서비스,상담사를 기다리다가 30분이 지났는데 아직도 연결이 안 돼요.,부정
V0876,C328,2024-10-20,SNS,칭찬,해지관련,해지관련 관련하여 칭찬 사항을 전달드립니다.,긍정
V0877,C329,2024-07-05,고객센터전화,불만,품질,통화 중에 자꾸 끊깁니다. 몇 번을 신고해도 나아지질 않네요.,부정
V0878,C329,2024-05-30,고객센터전화,문의,서비스,해외 로밍 서비스 신청 방법이 궁금합니다.,중립
V0879,C330,2024-05-06,앱리뷰,불만,요금,자동이체가 제대로 안 되는데 연체료까지 붙었어요. 너무 황당합니다.,부정
V0880,C330,2024-02-05,앱리뷰,제안,요금,요금 관련하여 제안 사항을 전달드립니다.,중립
V0881,C330,2024-04-25,이메일,불만,요금,요금제 변경했는데 다음 달에도 기존 요금이 청구됐어요. 환불해 주세요.,부정
V0882,C331,2024-04-27,앱리뷰,칭찬,기타,기타 관련하여 칭찬 사항을 전달드립니다.,긍정
V0883,C331,2024-03-25,앱리뷰,제안,요금,요금 관련하여 제안 사항을 전달드립니다.,중립
V0884,C332,2024-09-16,이메일,불만,서비스,해지하려고 전화했더니 계속 다른 팀으로 돌리기만 해요.,부정
V0885,C332,2024-10-31,SNS,불만,해지관련,번호이동 신청했는데 일주일이 지나도 진행이 안 되고 있어요.,부정
V0886,C333,2024-06-21,앱리뷰,불만,앱기능,앱이 자꾸 튕겨요. 업데이트 후부터 더 심해졌어요.,부정
V0887,C333,2024-10-13,앱리뷰,불만,품질,집에서 신호가 너무 약해요. 와이파이 없으면 데이터가 안 잡혀요.,부정
V0888,C334,2024-12-09,고객센터전화,불만,요금,이번 달 요금이 갑자기 많이 나왔어요. 설명 없이 올린 건가요?,부정
V0889,C334,2024-03-05,SNS,제안,기타,기타 관련하여 제안 사항을 전달드립니다.,중립
V0890,C334,2024-09-24,SNS,문의,서비스,해외 로밍 서비스 신청 방법이 궁금합니다.,중립
V0891,C335,2024-11-29,고객센터전화,불만,요금,이번 달 요금이 갑자기 많이 나왔어요. 설명 없이 올린 건가요?,부정
V0892,C335,2024-01-30,고객센터전화,불만,품질,집에서 신호가 너무 약해요. 와이파이 없으면 데이터가 안 잡혀요.,부정
V0893,C335,2024-01-04,고객센터전화,불만,서비스,상담사를 기다리다가 30분이 지났는데 아직도 연결이 안 돼요.,부정
V0894,C336,2024-07-02,앱리뷰,불만,품질,어제부터 데이터 속도가 너무 느려요. 거의 쓸 수가 없어요.,부정
V0895,C337,2024-01-18,이메일,문의,요금,가족결합 할인은 어떻게 신청하나요?,중립
V0896,C337,2024-04-06,이메일,불만,요금,자동이체가 제대로 안 되는데 연체료까지 붙었어요. 너무 황당합니다.,부정
V0897,C338,2024-12-13,앱리뷰,제안,서비스,장기 고객에게 특별 혜택을 주는 프로그램이 있으면 좋겠어요.,중립
V0898,C338,2024-02-27,앱리뷰,불만,요금,이번 달 요금이 갑자기 많이 나왔어요. 설명 없이 올린 건가요?,부정
V0899,C338,2024-09-07,앱리뷰,문의,품질,품질 관련하여 문의 사항을 전달드립니다.,중립
V0900,C338,2024-10-20,SNS,문의,해지관련,해지관련 관련하여 문의 사항을 전달드립니다.,중립
V0901,C339,2024-01-23,이메일,제안,서비스,장기 고객에게 특별 혜택을 주는 프로그램이 있으면 좋겠어요.,중립
V0902,C339,2024-01-15,이메일,문의,해지관련,해지관련 관련하여 문의 사항을 전달드립니다.,중립
V0903,C339,2024-10-25,고객센터전화,불만,해지관련,해지 신청 후에도 요금이 계속 청구되고 있어요.,부정
V0904,C340,2024-12-18,앱리뷰,불만,요금,자동이체가 제대로 안 되는데 연체료까지 붙었어요. 너무 황당합니다.,부정
V0905,C340,2024-12-26,앱리뷰,불만,요금,자동이체가 제대로 안 되는데 연체료까지 붙었어요. 너무 황당합니다.,부정
V0906,C341,2024-10-17,앱리뷰,문의,해지관련,해지관련 관련하여 문의 사항을 전달드립니다.,중립
V0907,C341,2024-03-12,이메일,문의,앱기능,앱기능 관련하여 문의 사항을 전달드립니다.,중립
V0908,C341,2024-09-09,앱리뷰,문의,해지관련,해지관련 관련하여 문의 사항을 전달드립니다.,중립
V0909,C341,2024-12-10,이메일,제안,요금,요금 관련하여 제안 사항을 전달드립니다.,중립
V0910,C342,2024-11-21,앱리뷰,불만,앱기능,앱이 자꾸 튕겨요. 업데이트 후부터 더 심해졌어요.,부정
V0911,C342,2024-07-21,앱리뷰,문의,요금,포인트를 요금에서 차감할 수 있는지 궁금합니다.,중립
V0912,C342,2024-09-26,이메일,문의,앱기능,앱기능 관련하여 문의 사항을 전달드립니다.,중립
V0913,C342,2024-06-07,고객센터전화,불만,요금,요금제 변경했는데 다음 달에도 기존 요금이 청구됐어요. 환불해 주세요.,부정
V0914,C343,2024-08-13,앱리뷰,문의,요금,가족결합 할인은 어떻게 신청하나요?,중립
V0915,C343,2024-02-25,고객센터전화,불만,품질,어제부터 데이터 속도가 너무 느려요. 거의 쓸 수가 없어요.,부정
V0916,C343,2024-04-30,SNS,문의,요금,포인트를 요금에서 차감할 수 있는지 궁금합니다.,중립
V0917,C344,2024-11-18,앱리뷰,칭찬,서비스,이번에 요금 정정 처리가 빠르게 돼서 정말 만족스러웠어요.,긍정
V0918,C344,2024-09-25,앱리뷰,불만,요금,이번 달 요금이 갑자기 많이 나왔어요. 설명 없이 올린 건가요?,부정
V0919,C344,2024-12-23,앱리뷰,제안,품질,품질 관련하여 제안 사항을 전달드립니다.,중립
V0920,C344,2024-05-08,이메일,문의,요금,이번 달 요금이 어떻게 구성된 건지 자세히 알고 싶어요.,중립
V0921,C345,2024-03-19,고객센터전화,불만,요금,자동이체가 제대로 안 되는데 연체료까지 붙었어요. 너무 황당합니다.,부정
V0922,C345,2024-11-15,SNS,제안,요금,요금 관련하여 제안 사항을 전달드립니다.,중립
V0923,C346,2024-09-19,이메일,불만,서비스,같은 문제로 세 번째 전화하고 있어요. 매번 처음부터 설명해야 하나요?,부정
V0924,C346,2024-09-23,앱리뷰,불만,해지관련,번호이동 신청했는데 일주일이 지나도 진행이 안 되고 있어요.,부정
V0925,C346,2024-09-07,이메일,불만,해지관련,해지 신청 후에도 요금이 계속 청구되고 있어요.,부정
V0926,C347,2024-05-05,앱리뷰,제안,서비스,장기 고객에게 특별 혜택을 주는 프로그램이 있으면 좋겠어요.,중립
V0927,C348,2024-11-14,앱리뷰,제안,앱기능,요금 명세서를 그래프로 보여주는 기능이 있으면 좋겠어요.,중립
V0928,C348,2024-09-29,고객센터전화,불만,품질,어제부터 데이터 속도가 너무 느려요. 거의 쓸 수가 없어요.,부정
V0929,C348,2024-02-04,고객센터전화,문의,요금,이번 달 요금이 어떻게 구성된 건지 자세히 알고 싶어요.,중립
V0930,C348,2024-12-28,앱리뷰,불만,서비스,같은 문제로 세 번째 전화하고 있어요. 매번 처음부터 설명해야 하나요?,부정
V0931,C349,2024-08-12,앱리뷰,문의,품질,품질 관련하여 문의 사항을 전달드립니다.,중립
V0932,C350,2024-05-19,앱리뷰,불만,서비스,같은 문제로 세 번째 전화하고 있어요. 매번 처음부터 설명해야 하나요?,부정
V0933,C351,2024-01-23,앱리뷰,칭찬,앱기능,앱기능 관련하여 칭찬 사항을 전달드립니다.,긍정
V0934,C351,2024-02-12,앱리뷰,불만,서비스,상담사를 기다리다가 30분이 지났는데 아직도 연결이 안 돼요.,부정
V0935,C352,2024-10-20,앱리뷰,불만,기타,기타 관련하여 불만 사항을 전달드립니다.,부정
V0936,C352,2024-10-23,이메일,불만,품질,집에서 신호가 너무 약해요. 와이파이 없으면 데이터가 안 잡혀요.,부정
V0937,C352,2024-07-03,고객센터전화,불만,요금,자동이체가 제대로 안 되는데 연체료까지 붙었어요. 너무 황당합니다.,부정
V0938,C352,2024-02-19,앱리뷰,불만,해지관련,해지하려는데 위약금 설명이 너무 복잡해요. 명확하게 알려주세요.,부정
V0939,C352,2024-10-01,앱리뷰,불만,서비스,같은 문제로 세 번째 전화하고 있어요. 매번 처음부터 설명해야 하나요?,부정
V0940,C353,2024-09-23,고객센터전화,불만,요금,요금제 변경했는데 다음 달에도 기존 요금이 청구됐어요. 환불해 주세요.,부정
V0941,C353,2024-08-26,앱리뷰,문의,요금,가족결합 할인은 어떻게 신청하나요?,중립
V0942,C354,2024-02-05,고객센터전화,제안,요금,요금 관련하여 제안 사항을 전달드립니다.,중립
V0943,C354,2024-08-27,SNS,불만,해지관련,해지하려는데 위약금 설명이 너무 복잡해요. 명확하게 알려주세요.,부정
V0944,C354,2024-10-07,앱리뷰,불만,해지관련,번호이동 신청했는데 일주일이 지나도 진행이 안 되고 있어요.,부정
V0945,C355,2024-11-28,이메일,문의,서비스,명의변경 절차가 어떻게 되나요?,중립
V0946,C355,2024-09-10,이메일,문의,품질,품질 관련하여 문의 사항을 전달드립니다.,중립
V0947,C355,2024-05-12,SNS,불만,앱기능,앱에서 요금 명세서를 찾을 수가 없어요. UI가 너무 불편해요.,부정
V0948,C355,2024-09-03,이메일,문의,서비스,명의변경 절차가 어떻게 되나요?,중립
V0949,C356,2024-08-19,SNS,불만,요금,이번 달 요금이 갑자기 많이 나왔어요. 설명 없이 올린 건가요?,부정
V0950,C356,2024-02-02,이메일,불만,서비스,해지하려고 전화했더니 계속 다른 팀으로 돌리기만 해요.,부정
V0951,C356,2024-12-24,SNS,제안,해지관련,해지관련 관련하여 제안 사항을 전달드립니다.,중립
V0952,C357,2024-07-15,SNS,문의,서비스,해외 로밍 서비스 신청 방법이 궁금합니다.,중립
V0953,C357,2024-10-08,앱리뷰,불만,품질,집에서 신호가 너무 약해요. 와이파이 없으면 데이터가 안 잡혀요.,부정
V0954,C357,2024-11-05,고객센터전화,문의,요금,포인트를 요금에서 차감할 수 있는지 궁금합니다.,중립
V0955,C358,2024-01-28,SNS,제안,서비스,생일 축하 데이터 보너스 같은 이벤트를 해주세요.,중립
V0956,C358,2024-11-12,앱리뷰,불만,서비스,같은 문제로 세 번째 전화하고 있어요. 매번 처음부터 설명해야 하나요?,부정
V0957,C358,2024-03-12,앱리뷰,불만,품질,집에서 신호가 너무 약해요. 와이파이 없으면 데이터가 안 잡혀요.,부정
V0958,C359,2024-11-01,고객센터전화,문의,요금,이번 달 요금이 어떻게 구성된 건지 자세히 알고 싶어요.,중립
V0959,C359,2024-01-04,고객센터전화,불만,품질,통화 중에 자꾸 끊깁니다. 몇 번을 신고해도 나아지질 않네요.,부정
V0960,C360,2024-11-23,이메일,불만,서비스,해지하려고 전화했더니 계속 다른 팀으로 돌리기만 해요.,부정
V0961,C360,2024-05-23,이메일,불만,해지관련,해지하려는데 위약금 설명이 너무 복잡해요. 명확하게 알려주세요.,부정
V0962,C360,2024-07-05,SNS,불만,서비스,같은 문제로 세 번째 전화하고 있어요. 매번 처음부터 설명해야 하나요?,부정
V0963,C360,2024-02-19,이메일,불만,요금,자동이체가 제대로 안 되는데 연체료까지 붙었어요. 너무 황당합니다.,부정
V0964,C362,2024-07-29,고객센터전화,문의,요금,포인트를 요금에서 차감할 수 있는지 궁금합니다.,중립
V0965,C362,2024-09-24,앱리뷰,불만,서비스,해지하려고 전화했더니 계속 다른 팀으로 돌리기만 해요.,부정
V0966,C363,2024-01-12,고객센터전화,불만,서비스,같은 문제로 세 번째 전화하고 있어요. 매번 처음부터 설명해야 하나요?,부정
V0967,C363,2024-09-11,고객센터전화,불만,기타,기타 관련하여 불만 사항을 전달드립니다.,부정
V0968,C363,2024-12-31,SNS,문의,품질,품질 관련하여 문의 사항을 전달드립니다.,중립
V0969,C364,2024-02-15,앱리뷰,문의,기타,기타 관련하여 문의 사항을 전달드립니다.,중립
V0970,C365,2024-12-20,앱리뷰,불만,기타,기타 관련하여 불만 사항을 전달드립니다.,부정
V0971,C365,2024-07-29,고객센터전화,불만,서비스,해지하려고 전화했더니 계속 다른 팀으로 돌리기만 해요.,부정
V0972,C366,2024-08-27,고객센터전화,불만,서비스,같은 문제로 세 번째 전화하고 있어요. 매번 처음부터 설명해야 하나요?,부정
V0973,C367,2024-06-23,고객센터전화,불만,기타,기타 관련하여 불만 사항을 전달드립니다.,부정
V0974,C367,2024-12-28,앱리뷰,문의,서비스,명의변경 절차가 어떻게 되나요?,중립
V0975,C367,2024-04-18,고객센터전화,문의,품질,품질 관련하여 문의 사항을 전달드립니다.,중립
V0976,C368,2024-09-10,고객센터전화,문의,품질,품질 관련하여 문의 사항을 전달드립니다.,중립
V0977,C368,2024-02-16,고객센터전화,제안,요금,요금 관련하여 제안 사항을 전달드립니다.,중립
V0978,C369,2024-09-25,이메일,문의,품질,품질 관련하여 문의 사항을 전달드립니다.,중립
V0979,C369,2024-06-03,고객센터전화,칭찬,품질,품질 관련하여 칭찬 사항을 전달드립니다.,긍정
V0980,C369,2024-02-17,앱리뷰,문의,품질,품질 관련하여 문의 사항을 전달드립니다.,중립
V0981,C370,2024-02-22,이메일,불만,서비스,상담사를 기다리다가 30분이 지났는데 아직도 연결이 안 돼요.,부정
V0982,C371,2024-09-13,고객센터전화,칭찬,앱기능,앱기능 관련하여 칭찬 사항을 전달드립니다.,긍정
V0983,C371,2024-01-06,앱리뷰,불만,요금,이번 달 요금이 갑자기 많이 나왔어요. 설명 없이 올린 건가요?,부정
V0984,C371,2024-10-14,앱리뷰,불만,기타,기타 관련하여 불만 사항을 전달드립니다.,부정
V0985,C372,2024-11-23,고객센터전화,제안,품질,품질 관련하여 제안 사항을 전달드립니다.,중립
V0986,C372,2024-07-18,고객센터전화,문의,요금,가족결합 할인은 어떻게 신청하나요?,중립
V0987,C372,2024-03-09,이메일,문의,품질,품질 관련하여 문의 사항을 전달드립니다.,중립
V0988,C373,2024-11-13,고객센터전화,불만,서비스,상담사를 기다리다가 30분이 지났는데 아직도 연결이 안 돼요.,부정
V0989,C373,2024-02-08,고객센터전화,불만,품질,통화 중에 자꾸 끊깁니다. 몇 번을 신고해도 나아지질 않네요.,부정
V0990,C373,2024-06-21,SNS,불만,품질,집에서 신호가 너무 약해요. 와이파이 없으면 데이터가 안 잡혀요.,부정
V0991,C374,2024-11-05,고객센터전화,문의,기타,기타 관련하여 문의 사항을 전달드립니다.,중립
V0992,C374,2024-07-22,이메일,문의,요금,가족결합 할인은 어떻게 신청하나요?,중립
V0993,C375,2024-09-09,고객센터전화,문의,품질,품질 관련하여 문의 사항을 전달드립니다.,중립
V0994,C375,2024-11-14,앱리뷰,문의,품질,품질 관련하여 문의 사항을 전달드립니다.,중립
V0995,C376,2024-06-13,앱리뷰,불만,요금,자동이체가 제대로 안 되는데 연체료까지 붙었어요. 너무 황당합니다.,부정
V0996,C376,2024-06-24,앱리뷰,칭찬,요금,요금 관련하여 칭찬 사항을 전달드립니다.,긍정
V0997,C376,2024-08-05,이메일,불만,앱기능,앱이 자꾸 튕겨요. 업데이트 후부터 더 심해졌어요.,부정
V0998,C376,2024-09-15,앱리뷰,문의,요금,포인트를 요금에서 차감할 수 있는지 궁금합니다.,중립
V0999,C377,2024-02-15,이메일,불만,요금,자동이체가 제대로 안 되는데 연체료까지 붙었어요. 너무 황당합니다.,부정
V1000,C377,2024-12-01,고객센터전화,제안,요금,요금 관련하여 제안 사항을 전달드립니다.,중립
V1001,C378,2024-05-17,앱리뷰,제안,요금,요금 관련하여 제안 사항을 전달드립니다.,중립
V1002,C378,2024-09-27,고객센터전화,불만,품질,통화 중에 자꾸 끊깁니다. 몇 번을 신고해도 나아지질 않네요.,부정
V1003,C379,2024-05-13,고객센터전화,불만,해지관련,해지 신청 후에도 요금이 계속 청구되고 있어요.,부정
V1004,C380,2024-09-17,앱리뷰,칭찬,기타,기타 관련하여 칭찬 사항을 전달드립니다.,긍정
V1005,C380,2024-08-27,고객센터전화,제안,품질,품질 관련하여 제안 사항을 전달드립니다.,중립
V1006,C380,2024-03-25,이메일,문의,서비스,현재 가입된 부가서비스 목록을 어디서 확인하나요?,중립
V1007,C380,2024-04-09,이메일,불만,품질,집에서 신호가 너무 약해요. 와이파이 없으면 데이터가 안 잡혀요.,부정
V1008,C381,2024-11-09,이메일,제안,요금,요금 관련하여 제안 사항을 전달드립니다.,중립
V1009,C381,2024-09-05,앱리뷰,불만,품질,어제부터 데이터 속도가 너무 느려요. 거의 쓸 수가 없어요.,부정
V1010,C381,2024-09-10,앱리뷰,불만,서비스,상담사를 기다리다가 30분이 지났는데 아직도 연결이 안 돼요.,부정
V1011,C382,2024-08-24,앱리뷰,제안,서비스,고객 등급제를 도입해서 충성 고객에게 혜택을 줬으면 해요.,중립
V1012,C382,2024-04-11,고객센터전화,불만,품질,통화 중에 자꾸 끊깁니다. 몇 번을 신고해도 나아지질 않네요.,부정
V1013,C383,2024-11-13,고객센터전화,문의,서비스,명의변경 절차가 어떻게 되나요?,중립
V1014,C384,2024-10-14,앱리뷰,불만,요금,요금제 변경했는데 다음 달에도 기존 요금이 청구됐어요. 환불해 주세요.,부정
V1015,C384,2024-04-29,고객센터전화,불만,요금,요금제 변경했는데 다음 달에도 기존 요금이 청구됐어요. 환불해 주세요.,부정
V1016,C384,2024-10-12,SNS,불만,요금,자동이체가 제대로 안 되는데 연체료까지 붙었어요. 너무 황당합니다.,부정
V1017,C384,2024-10-19,앱리뷰,불만,서비스,같은 문제로 세 번째 전화하고 있어요. 매번 처음부터 설명해야 하나요?,부정
V1018,C385,2024-12-02,앱리뷰,불만,기타,기타 관련하여 불만 사항을 전달드립니다.,부정
V1019,C385,2024-03-24,고객센터전화,제안,요금,요금 관련하여 제안 사항을 전달드립니다.,중립
V1020,C385,2024-10-13,앱리뷰,문의,서비스,명의변경 절차가 어떻게 되나요?,중립
V1021,C386,2024-12-10,앱리뷰,문의,서비스,현재 가입된 부가서비스 목록을 어디서 확인하나요?,중립
V1022,C386,2024-04-27,앱리뷰,칭찬,요금,요금 관련하여 칭찬 사항을 전달드립니다.,긍정
V1023,C386,2024-08-17,고객센터전화,제안,서비스,생일 축하 데이터 보너스 같은 이벤트를 해주세요.,중립
V1024,C387,2024-09-23,이메일,불만,품질,어제부터 데이터 속도가 너무 느려요. 거의 쓸 수가 없어요.,부정
V1025,C387,2024-08-04,앱리뷰,불만,품질,집에서 신호가 너무 약해요. 와이파이 없으면 데이터가 안 잡혀요.,부정
V1026,C387,2024-10-18,고객센터전화,불만,요금,자동이체가 제대로 안 되는데 연체료까지 붙었어요. 너무 황당합니다.,부정
V1027,C387,2024-07-02,앱리뷰,문의,앱기능,앱기능 관련하여 문의 사항을 전달드립니다.,중립
V1028,C388,2024-06-07,앱리뷰,칭찬,품질,품질 관련하여 칭찬 사항을 전달드립니다.,긍정
V1029,C388,2024-09-09,SNS,불만,요금,요금제 변경했는데 다음 달에도 기존 요금이 청구됐어요. 환불해 주세요.,부정
V1030,C388,2024-07-09,앱리뷰,불만,요금,자동이체가 제대로 안 되는데 연체료까지 붙었어요. 너무 황당합니다.,부정
V1031,C388,2024-02-26,앱리뷰,불만,앱기능,로그인이 계속 풀려요. 생체인증이 제대로 작동하지 않아요.,부정
V1032,C389,2024-04-19,앱리뷰,문의,요금,포인트를 요금에서 차감할 수 있는지 궁금합니다.,중립
V1033,C389,2024-01-29,고객센터전화,문의,요금,포인트를 요금에서 차감할 수 있는지 궁금합니다.,중립
V1034,C390,2024-04-20,SNS,불만,품질,집에서 신호가 너무 약해요. 와이파이 없으면 데이터가 안 잡혀요.,부정
V1035,C390,2024-07-17,앱리뷰,문의,요금,포인트를 요금에서 차감할 수 있는지 궁금합니다.,중립
V1036,C390,2024-11-22,앱리뷰,불만,요금,자동이체가 제대로 안 되는데 연체료까지 붙었어요. 너무 황당합니다.,부정
V1037,C390,2024-11-09,SNS,불만,요금,자동이체가 제대로 안 되는데 연체료까지 붙었어요. 너무 황당합니다.,부정
V1038,C391,2024-03-20,이메일,불만,서비스,해지하려고 전화했더니 계속 다른 팀으로 돌리기만 해요.,부정
V1039,C391,2024-08-04,고객센터전화,불만,기타,기타 관련하여 불만 사항을 전달드립니다.,부정
V1040,C391,2024-09-11,앱리뷰,불만,요금,요금제 변경했는데 다음 달에도 기존 요금이 청구됐어요. 환불해 주세요.,부정
V1041,C391,2024-09-11,고객센터전화,제안,서비스,생일 축하 데이터 보너스 같은 이벤트를 해주세요.,중립
V1042,C392,2024-02-17,고객센터전화,불만,기타,기타 관련하여 불만 사항을 전달드립니다.,부정
V1043,C392,2024-07-22,고객센터전화,불만,요금,자동이체가 제대로 안 되는데 연체료까지 붙었어요. 너무 황당합니다.,부정
V1044,C392,2024-11-20,앱리뷰,불만,서비스,해지하려고 전화했더니 계속 다른 팀으로 돌리기만 해요.,부정
V1045,C392,2024-04-29,이메일,불만,서비스,해지하려고 전화했더니 계속 다른 팀으로 돌리기만 해요.,부정
V1046,C393,2024-03-22,고객센터전화,문의,요금,포인트를 요금에서 차감할 수 있는지 궁금합니다.,중립
V1047,C393,2024-05-10,앱리뷰,불만,서비스,해지하려고 전화했더니 계속 다른 팀으로 돌리기만 해요.,부정
V1048,C394,2024-07-23,고객센터전화,불만,앱기능,앱에서 요금 명세서를 찾을 수가 없어요. UI가 너무 불편해요.,부정
V1049,C394,2024-03-14,이메일,문의,앱기능,앱기능 관련하여 문의 사항을 전달드립니다.,중립
V1050,C394,2024-09-15,이메일,문의,요금,가족결합 할인은 어떻게 신청하나요?,중립
V1051,C395,2024-07-15,고객센터전화,불만,요금,요금제 변경했는데 다음 달에도 기존 요금이 청구됐어요. 환불해 주세요.,부정
V1052,C397,2024-12-20,이메일,불만,해지관련,해지 신청 후에도 요금이 계속 청구되고 있어요.,부정
V1053,C398,2024-02-29,앱리뷰,불만,서비스,같은 문제로 세 번째 전화하고 있어요. 매번 처음부터 설명해야 하나요?,부정
V1054,C399,2024-12-02,SNS,문의,앱기능,앱기능 관련하여 문의 사항을 전달드립니다.,중립
V1055,C399,2024-12-03,SNS,제안,요금,요금 관련하여 제안 사항을 전달드립니다.,중립
V1056,C399,2024-09-25,앱리뷰,불만,기타,기타 관련하여 불만 사항을 전달드립니다.,부정
V1057,C400,2024-12-10,앱리뷰,불만,요금,이번 달 요금이 갑자기 많이 나왔어요. 설명 없이 올린 건가요?,부정
V1058,C401,2024-05-25,앱리뷰,문의,요금,가족결합 할인은 어떻게 신청하나요?,중립
V1059,C401,2024-09-01,SNS,불만,품질,통화 중에 자꾸 끊깁니다. 몇 번을 신고해도 나아지질 않네요.,부정
V1060,C401,2024-07-31,고객센터전화,문의,요금,가족결합 할인은 어떻게 신청하나요?,중립
V1061,C403,2024-10-04,이메일,문의,서비스,현재 가입된 부가서비스 목록을 어디서 확인하나요?,중립
V1062,C404,2024-07-02,이메일,문의,요금,가족결합 할인은 어떻게 신청하나요?,중립
V1063,C404,2024-04-27,이메일,불만,앱기능,앱에서 요금 명세서를 찾을 수가 없어요. UI가 너무 불편해요.,부정
V1064,C404,2024-01-29,SNS,불만,품질,집에서 신호가 너무 약해요. 와이파이 없으면 데이터가 안 잡혀요.,부정
V1065,C405,2024-01-16,앱리뷰,제안,서비스,장기 고객에게 특별 혜택을 주는 프로그램이 있으면 좋겠어요.,중립
V1066,C405,2024-10-24,이메일,문의,요금,포인트를 요금에서 차감할 수 있는지 궁금합니다.,중립
V1067,C405,2024-04-09,앱리뷰,문의,서비스,현재 가입된 부가서비스 목록을 어디서 확인하나요?,중립
V1068,C406,2024-08-19,고객센터전화,문의,품질,품질 관련하여 문의 사항을 전달드립니다.,중립
V1069,C406,2024-09-20,SNS,제안,앱기능,앱에서 바로 상담사 채팅 연결이 되면 편할 것 같아요.,중립
V1070,C406,2024-10-27,이메일,문의,앱기능,앱기능 관련하여 문의 사항을 전달드립니다.,중립
V1071,C407,2024-01-15,SNS,불만,해지관련,해지하려는데 위약금 설명이 너무 복잡해요. 명확하게 알려주세요.,부정
V1072,C407,2024-07-19,SNS,문의,앱기능,앱기능 관련하여 문의 사항을 전달드립니다.,중립
V1073,C407,2024-07-20,SNS,불만,서비스,상담사를 기다리다가 30분이 지났는데 아직도 연결이 안 돼요.,부정
V1074,C407,2024-05-24,고객센터전화,문의,품질,품질 관련하여 문의 사항을 전달드립니다.,중립
V1075,C408,2024-06-24,앱리뷰,불만,서비스,상담사를 기다리다가 30분이 지났는데 아직도 연결이 안 돼요.,부정
V1076,C408,2024-04-14,이메일,문의,요금,가족결합 할인은 어떻게 신청하나요?,중립
V1077,C408,2024-06-18,앱리뷰,불만,요금,이번 달 요금이 갑자기 많이 나왔어요. 설명 없이 올린 건가요?,부정
V1078,C410,2024-05-27,고객센터전화,불만,서비스,상담사를 기다리다가 30분이 지났는데 아직도 연결이 안 돼요.,부정
V1079,C410,2024-09-01,고객센터전화,문의,앱기능,앱기능 관련하여 문의 사항을 전달드립니다.,중립
V1080,C410,2024-09-29,이메일,문의,요금,가족결합 할인은 어떻게 신청하나요?,중립
V1081,C411,2024-09-12,앱리뷰,문의,기타,기타 관련하여 문의 사항을 전달드립니다.,중립
V1082,C411,2024-05-11,앱리뷰,불만,요금,이번 달 요금이 갑자기 많이 나왔어요. 설명 없이 올린 건가요?,부정
V1083,C411,2024-08-06,앱리뷰,불만,서비스,상담사를 기다리다가 30분이 지났는데 아직도 연결이 안 돼요.,부정
V1084,C411,2024-10-25,이메일,문의,앱기능,앱기능 관련하여 문의 사항을 전달드립니다.,중립
V1085,C412,2024-03-26,이메일,제안,앱기능,가족 데이터 공유 기능을 추가해 주시면 정말 유용할 것 같아요.,중립
V1086,C412,2024-01-09,고객센터전화,제안,서비스,고객 등급제를 도입해서 충성 고객에게 혜택을 줬으면 해요.,중립
V1087,C412,2024-09-29,이메일,칭찬,서비스,상담사분이 너무 친절하고 문제를 바로 해결해 주셨어요. 감사해요!,긍정
V1088,C413,2024-11-01,앱리뷰,제안,품질,품질 관련하여 제안 사항을 전달드립니다.,중립
V1089,C413,2024-09-04,SNS,불만,해지관련,해지하려는데 위약금 설명이 너무 복잡해요. 명확하게 알려주세요.,부정
V1090,C413,2024-09-09,SNS,불만,해지관련,해지하려는데 위약금 설명이 너무 복잡해요. 명확하게 알려주세요.,부정
V1091,C414,2024-05-01,이메일,문의,품질,품질 관련하여 문의 사항을 전달드립니다.,중립
V1092,C414,2024-05-24,SNS,문의,요금,이번 달 요금이 어떻게 구성된 건지 자세히 알고 싶어요.,중립
V1093,C414,2024-10-02,이메일,불만,요금,이번 달 요금이 갑자기 많이 나왔어요. 설명 없이 올린 건가요?,부정
V1094,C415,2024-09-24,고객센터전화,불만,해지관련,해지 신청 후에도 요금이 계속 청구되고 있어요.,부정
V1095,C415,2024-03-14,고객센터전화,불만,서비스,같은 문제로 세 번째 전화하고 있어요. 매번 처음부터 설명해야 하나요?,부정
V1096,C415,2024-06-16,고객센터전화,문의,요금,이번 달 요금이 어떻게 구성된 건지 자세히 알고 싶어요.,중립
V1097,C416,2024-06-10,앱리뷰,문의,앱기능,앱기능 관련하여 문의 사항을 전달드립니다.,중립
V1098,C417,2024-02-07,고객센터전화,불만,품질,집에서 신호가 너무 약해요. 와이파이 없으면 데이터가 안 잡혀요.,부정
V1099,C417,2024-03-16,앱리뷰,불만,해지관련,해지 신청 후에도 요금이 계속 청구되고 있어요.,부정
V1100,C417,2024-04-25,이메일,문의,서비스,명의변경 절차가 어떻게 되나요?,중립
V1101,C417,2024-06-15,이메일,불만,앱기능,앱에서 요금 명세서를 찾을 수가 없어요. UI가 너무 불편해요.,부정
V1102,C418,2024-02-13,고객센터전화,문의,요금,이번 달 요금이 어떻게 구성된 건지 자세히 알고 싶어요.,중립
V1103,C418,2024-01-24,앱리뷰,문의,기타,기타 관련하여 문의 사항을 전달드립니다.,중립
V1104,C418,2024-01-14,고객센터전화,불만,서비스,해지하려고 전화했더니 계속 다른 팀으로 돌리기만 해요.,부정
V1105,C418,2024-06-19,고객센터전화,불만,서비스,같은 문제로 세 번째 전화하고 있어요. 매번 처음부터 설명해야 하나요?,부정
V1106,C418,2024-06-22,이메일,불만,요금,자동이체가 제대로 안 되는데 연체료까지 붙었어요. 너무 황당합니다.,부정
V1107,C419,2024-04-22,앱리뷰,문의,해지관련,해지관련 관련하여 문의 사항을 전달드립니다.,중립
V1108,C420,2024-02-23,고객센터전화,문의,기타,기타 관련하여 문의 사항을 전달드립니다.,중립
V1109,C420,2024-02-19,이메일,제안,품질,품질 관련하여 제안 사항을 전달드립니다.,중립
V1110,C420,2024-11-09,고객센터전화,문의,품질,품질 관련하여 문의 사항을 전달드립니다.,중립
V1111,C420,2024-10-14,고객센터전화,불만,해지관련,번호이동 신청했는데 일주일이 지나도 진행이 안 되고 있어요.,부정
V1112,C421,2024-04-04,SNS,문의,해지관련,해지관련 관련하여 문의 사항을 전달드립니다.,중립
V1113,C422,2024-02-22,앱리뷰,제안,요금,요금 관련하여 제안 사항을 전달드립니다.,중립
V1114,C422,2024-05-01,앱리뷰,제안,요금,요금 관련하여 제안 사항을 전달드립니다.,중립
V1115,C422,2024-11-24,SNS,제안,서비스,고객 등급제를 도입해서 충성 고객에게 혜택을 줬으면 해요.,중립
V1116,C423,2024-03-12,이메일,불만,해지관련,해지 신청 후에도 요금이 계속 청구되고 있어요.,부정
V1117,C423,2024-05-29,고객센터전화,문의,앱기능,앱기능 관련하여 문의 사항을 전달드립니다.,중립
V1118,C424,2024-12-09,이메일,불만,서비스,같은 문제로 세 번째 전화하고 있어요. 매번 처음부터 설명해야 하나요?,부정
V1119,C424,2024-04-27,앱리뷰,칭찬,요금,요금 관련하여 칭찬 사항을 전달드립니다.,긍정
V1120,C425,2024-04-19,이메일,문의,품질,품질 관련하여 문의 사항을 전달드립니다.,중립
V1121,C425,2024-09-19,SNS,문의,요금,포인트를 요금에서 차감할 수 있는지 궁금합니다.,중립
V1122,C425,2024-11-11,이메일,불만,앱기능,로그인이 계속 풀려요. 생체인증이 제대로 작동하지 않아요.,부정
V1123,C425,2024-11-27,앱리뷰,불만,해지관련,번호이동 신청했는데 일주일이 지나도 진행이 안 되고 있어요.,부정
V1124,C426,2024-08-27,이메일,문의,해지관련,해지관련 관련하여 문의 사항을 전달드립니다.,중립
V1125,C426,2024-01-11,이메일,불만,품질,통화 중에 자꾸 끊깁니다. 몇 번을 신고해도 나아지질 않네요.,부정
V1126,C427,2024-09-17,고객센터전화,불만,앱기능,로그인이 계속 풀려요. 생체인증이 제대로 작동하지 않아요.,부정
V1127,C427,2024-12-14,고객센터전화,불만,앱기능,앱에서 요금 명세서를 찾을 수가 없어요. UI가 너무 불편해요.,부정
V1128,C427,2024-12-15,이메일,불만,앱기능,앱이 자꾸 튕겨요. 업데이트 후부터 더 심해졌어요.,부정
V1129,C427,2024-12-09,고객센터전화,불만,서비스,상담사를 기다리다가 30분이 지났는데 아직도 연결이 안 돼요.,부정
V1130,C428,2024-11-21,앱리뷰,불만,서비스,해지하려고 전화했더니 계속 다른 팀으로 돌리기만 해요.,부정
V1131,C428,2024-01-21,이메일,불만,서비스,상담사를 기다리다가 30분이 지났는데 아직도 연결이 안 돼요.,부정
V1132,C428,2024-11-20,이메일,불만,해지관련,번호이동 신청했는데 일주일이 지나도 진행이 안 되고 있어요.,부정
V1133,C428,2024-12-20,SNS,제안,앱기능,앱에서 바로 상담사 채팅 연결이 되면 편할 것 같아요.,중립
V1134,C429,2024-06-07,고객센터전화,제안,요금,요금 관련하여 제안 사항을 전달드립니다.,중립
V1135,C429,2024-05-17,고객센터전화,제안,품질,품질 관련하여 제안 사항을 전달드립니다.,중립
V1136,C429,2024-06-04,고객센터전화,제안,서비스,고객 등급제를 도입해서 충성 고객에게 혜택을 줬으면 해요.,중립
V1137,C429,2024-05-01,고객센터전화,문의,해지관련,해지관련 관련하여 문의 사항을 전달드립니다.,중립
V1138,C430,2024-01-24,앱리뷰,제안,해지관련,해지관련 관련하여 제안 사항을 전달드립니다.,중립
V1139,C430,2024-05-05,고객센터전화,제안,서비스,고객 등급제를 도입해서 충성 고객에게 혜택을 줬으면 해요.,중립
V1140,C430,2024-10-19,고객센터전화,칭찬,서비스,앱 업데이트 후 많이 편해졌어요. 개발팀 수고하셨습니다.,긍정
V1141,C430,2024-02-10,SNS,문의,서비스,해외 로밍 서비스 신청 방법이 궁금합니다.,중립
V1142,C431,2024-08-08,앱리뷰,불만,앱기능,앱이 자꾸 튕겨요. 업데이트 후부터 더 심해졌어요.,부정
V1143,C432,2024-06-27,앱리뷰,문의,요금,이번 달 요금이 어떻게 구성된 건지 자세히 알고 싶어요.,중립
V1144,C433,2024-09-03,고객센터전화,불만,요금,자동이체가 제대로 안 되는데 연체료까지 붙었어요. 너무 황당합니다.,부정
V1145,C434,2024-04-25,고객센터전화,불만,서비스,같은 문제로 세 번째 전화하고 있어요. 매번 처음부터 설명해야 하나요?,부정
V1146,C435,2024-12-27,SNS,제안,품질,품질 관련하여 제안 사항을 전달드립니다.,중립
V1147,C435,2024-12-10,앱리뷰,불만,품질,집에서 신호가 너무 약해요. 와이파이 없으면 데이터가 안 잡혀요.,부정
V1148,C435,2024-11-15,앱리뷰,칭찬,서비스,이번에 요금 정정 처리가 빠르게 돼서 정말 만족스러웠어요.,긍정
V1149,C435,2024-07-02,고객센터전화,문의,품질,품질 관련하여 문의 사항을 전달드립니다.,중립
V1150,C436,2024-01-09,앱리뷰,불만,서비스,같은 문제로 세 번째 전화하고 있어요. 매번 처음부터 설명해야 하나요?,부정
V1151,C436,2024-05-29,고객센터전화,문의,서비스,현재 가입된 부가서비스 목록을 어디서 확인하나요?,중립
V1152,C437,2024-08-21,SNS,불만,앱기능,앱이 자꾸 튕겨요. 업데이트 후부터 더 심해졌어요.,부정
V1153,C438,2024-01-18,앱리뷰,불만,기타,기타 관련하여 불만 사항을 전달드립니다.,부정
V1154,C439,2024-03-09,SNS,불만,서비스,상담사를 기다리다가 30분이 지났는데 아직도 연결이 안 돼요.,부정
V1155,C439,2024-03-29,이메일,문의,서비스,해외 로밍 서비스 신청 방법이 궁금합니다.,중립
V1156,C439,2024-11-01,고객센터전화,제안,서비스,생일 축하 데이터 보너스 같은 이벤트를 해주세요.,중립
V1157,C439,2024-07-13,SNS,불만,요금,자동이체가 제대로 안 되는데 연체료까지 붙었어요. 너무 황당합니다.,부정
V1158,C440,2024-02-15,고객센터전화,불만,서비스,같은 문제로 세 번째 전화하고 있어요. 매번 처음부터 설명해야 하나요?,부정
V1159,C440,2024-03-13,SNS,불만,품질,어제부터 데이터 속도가 너무 느려요. 거의 쓸 수가 없어요.,부정
V1160,C440,2024-03-04,고객센터전화,불만,기타,기타 관련하여 불만 사항을 전달드립니다.,부정
V1161,C441,2024-12-07,이메일,문의,서비스,현재 가입된 부가서비스 목록을 어디서 확인하나요?,중립
V1162,C442,2024-02-05,SNS,문의,서비스,현재 가입된 부가서비스 목록을 어디서 확인하나요?,중립
V1163,C443,2024-11-18,고객센터전화,불만,앱기능,앱이 자꾸 튕겨요. 업데이트 후부터 더 심해졌어요.,부정
V1164,C443,2024-09-16,앱리뷰,제안,요금,요금 관련하여 제안 사항을 전달드립니다.,중립
V1165,C444,2024-06-07,고객센터전화,불만,기타,기타 관련하여 불만 사항을 전달드립니다.,부정
V1166,C444,2024-04-17,앱리뷰,문의,서비스,해외 로밍 서비스 신청 방법이 궁금합니다.,중립
V1167,C444,2024-11-26,이메일,불만,기타,기타 관련하여 불만 사항을 전달드립니다.,부정
V1168,C444,2024-04-21,고객센터전화,불만,해지관련,해지 신청 후에도 요금이 계속 청구되고 있어요.,부정
V1169,C445,2024-07-20,앱리뷰,문의,요금,이번 달 요금이 어떻게 구성된 건지 자세히 알고 싶어요.,중립
V1170,C446,2024-11-10,앱리뷰,문의,해지관련,해지관련 관련하여 문의 사항을 전달드립니다.,중립
V1171,C446,2024-03-04,SNS,불만,품질,집에서 신호가 너무 약해요. 와이파이 없으면 데이터가 안 잡혀요.,부정
V1172,C446,2024-03-19,이메일,칭찬,품질,품질 관련하여 칭찬 사항을 전달드립니다.,긍정
V1173,C447,2024-07-13,이메일,불만,서비스,같은 문제로 세 번째 전화하고 있어요. 매번 처음부터 설명해야 하나요?,부정
V1174,C447,2024-01-06,이메일,불만,요금,요금제 변경했는데 다음 달에도 기존 요금이 청구됐어요. 환불해 주세요.,부정
V1175,C447,2024-07-29,이메일,불만,앱기능,앱에서 요금 명세서를 찾을 수가 없어요. UI가 너무 불편해요.,부정
V1176,C447,2024-10-09,이메일,제안,요금,요금 관련하여 제안 사항을 전달드립니다.,중립
V1177,C448,2024-07-26,고객센터전화,불만,해지관련,번호이동 신청했는데 일주일이 지나도 진행이 안 되고 있어요.,부정
V1178,C448,2024-09-19,고객센터전화,제안,품질,품질 관련하여 제안 사항을 전달드립니다.,중립
V1179,C449,2024-11-18,고객센터전화,불만,기타,기타 관련하여 불만 사항을 전달드립니다.,부정
V1180,C449,2024-11-03,앱리뷰,불만,해지관련,해지 신청 후에도 요금이 계속 청구되고 있어요.,부정
V1181,C449,2024-11-12,고객센터전화,불만,요금,자동이체가 제대로 안 되는데 연체료까지 붙었어요. 너무 황당합니다.,부정
V1182,C449,2024-07-16,앱리뷰,문의,품질,품질 관련하여 문의 사항을 전달드립니다.,중립
V1183,C449,2024-11-16,고객센터전화,불만,서비스,해지하려고 전화했더니 계속 다른 팀으로 돌리기만 해요.,부정
V1184,C450,2024-04-09,고객센터전화,제안,서비스,장기 고객에게 특별 혜택을 주는 프로그램이 있으면 좋겠어요.,중립
V1185,C450,2024-08-16,고객센터전화,문의,요금,포인트를 요금에서 차감할 수 있는지 궁금합니다.,중립
V1186,C450,2024-04-02,앱리뷰,문의,서비스,해외 로밍 서비스 신청 방법이 궁금합니다.,중립
V1187,C450,2024-03-03,고객센터전화,칭찬,해지관련,해지관련 관련하여 칭찬 사항을 전달드립니다.,긍정
V1188,C451,2024-03-29,앱리뷰,불만,품질,통화 중에 자꾸 끊깁니다. 몇 번을 신고해도 나아지질 않네요.,부정
V1189,C451,2024-10-31,고객센터전화,문의,서비스,현재 가입된 부가서비스 목록을 어디서 확인하나요?,중립
V1190,C451,2024-11-05,SNS,불만,서비스,상담사를 기다리다가 30분이 지났는데 아직도 연결이 안 돼요.,부정
V1191,C451,2024-02-22,고객센터전화,제안,요금,요금 관련하여 제안 사항을 전달드립니다.,중립
V1192,C452,2024-12-18,이메일,불만,요금,자동이체가 제대로 안 되는데 연체료까지 붙었어요. 너무 황당합니다.,부정
V1193,C453,2024-03-09,SNS,불만,요금,이번 달 요금이 갑자기 많이 나왔어요. 설명 없이 올린 건가요?,부정
V1194,C453,2024-08-10,앱리뷰,불만,품질,집에서 신호가 너무 약해요. 와이파이 없으면 데이터가 안 잡혀요.,부정
V1195,C454,2024-11-03,고객센터전화,불만,해지관련,해지하려는데 위약금 설명이 너무 복잡해요. 명확하게 알려주세요.,부정
V1196,C454,2024-09-18,이메일,문의,요금,가족결합 할인은 어떻게 신청하나요?,중립
V1197,C454,2024-08-03,이메일,제안,품질,품질 관련하여 제안 사항을 전달드립니다.,중립
V1198,C455,2024-12-16,고객센터전화,불만,서비스,같은 문제로 세 번째 전화하고 있어요. 매번 처음부터 설명해야 하나요?,부정
V1199,C455,2024-10-12,이메일,제안,품질,품질 관련하여 제안 사항을 전달드립니다.,중립
V1200,C455,2024-07-15,이메일,문의,품질,품질 관련하여 문의 사항을 전달드립니다.,중립
V1201,C456,2024-07-24,고객센터전화,문의,요금,이번 달 요금이 어떻게 구성된 건지 자세히 알고 싶어요.,중립
V1202,C456,2024-06-13,앱리뷰,불만,서비스,같은 문제로 세 번째 전화하고 있어요. 매번 처음부터 설명해야 하나요?,부정
V1203,C456,2024-11-20,고객센터전화,불만,해지관련,번호이동 신청했는데 일주일이 지나도 진행이 안 되고 있어요.,부정
V1204,C456,2024-03-24,고객센터전화,문의,요금,가족결합 할인은 어떻게 신청하나요?,중립
V1205,C456,2024-11-01,SNS,불만,서비스,상담사를 기다리다가 30분이 지났는데 아직도 연결이 안 돼요.,부정
V1206,C456,2024-11-09,이메일,불만,서비스,같은 문제로 세 번째 전화하고 있어요. 매번 처음부터 설명해야 하나요?,부정
V1207,C457,2024-10-23,SNS,칭찬,기타,기타 관련하여 칭찬 사항을 전달드립니다.,긍정
V1208,C457,2024-09-17,SNS,문의,품질,품질 관련하여 문의 사항을 전달드립니다.,중립
V1209,C457,2024-07-20,고객센터전화,칭찬,앱기능,앱기능 관련하여 칭찬 사항을 전달드립니다.,긍정
V1210,C458,2024-04-23,이메일,제안,요금,요금 관련하여 제안 사항을 전달드립니다.,중립
V1211,C459,2024-03-02,고객센터전화,불만,앱기능,앱에서 요금 명세서를 찾을 수가 없어요. UI가 너무 불편해요.,부정
V1212,C459,2024-04-01,SNS,문의,해지관련,해지관련 관련하여 문의 사항을 전달드립니다.,중립
V1213,C459,2024-04-11,SNS,제안,서비스,생일 축하 데이터 보너스 같은 이벤트를 해주세요.,중립
V1214,C459,2024-01-06,앱리뷰,불만,품질,어제부터 데이터 속도가 너무 느려요. 거의 쓸 수가 없어요.,부정
V1215,C460,2024-09-22,앱리뷰,제안,해지관련,해지관련 관련하여 제안 사항을 전달드립니다.,중립
V1216,C461,2024-03-23,고객센터전화,불만,품질,어제부터 데이터 속도가 너무 느려요. 거의 쓸 수가 없어요.,부정
V1217,C461,2024-12-04,앱리뷰,불만,서비스,같은 문제로 세 번째 전화하고 있어요. 매번 처음부터 설명해야 하나요?,부정
V1218,C461,2024-12-04,고객센터전화,문의,기타,기타 관련하여 문의 사항을 전달드립니다.,중립
V1219,C462,2024-09-12,고객센터전화,문의,해지관련,해지관련 관련하여 문의 사항을 전달드립니다.,중립
V1220,C462,2024-11-20,고객센터전화,불만,요금,이번 달 요금이 갑자기 많이 나왔어요. 설명 없이 올린 건가요?,부정
V1221,C462,2024-12-18,앱리뷰,불만,요금,자동이체가 제대로 안 되는데 연체료까지 붙었어요. 너무 황당합니다.,부정
V1222,C462,2024-08-28,앱리뷰,불만,품질,어제부터 데이터 속도가 너무 느려요. 거의 쓸 수가 없어요.,부정
V1223,C463,2024-05-18,이메일,칭찬,해지관련,해지관련 관련하여 칭찬 사항을 전달드립니다.,긍정
V1224,C464,2024-08-06,이메일,문의,서비스,해외 로밍 서비스 신청 방법이 궁금합니다.,중립
V1225,C464,2024-08-31,SNS,문의,품질,품질 관련하여 문의 사항을 전달드립니다.,중립
V1226,C464,2024-02-23,앱리뷰,불만,서비스,해지하려고 전화했더니 계속 다른 팀으로 돌리기만 해요.,부정
V1227,C464,2024-02-07,이메일,칭찬,앱기능,앱기능 관련하여 칭찬 사항을 전달드립니다.,긍정
V1228,C465,2024-11-04,이메일,제안,서비스,고객 등급제를 도입해서 충성 고객에게 혜택을 줬으면 해요.,중립
V1229,C465,2024-10-08,앱리뷰,불만,품질,집에서 신호가 너무 약해요. 와이파이 없으면 데이터가 안 잡혀요.,부정
V1230,C465,2024-06-09,이메일,불만,해지관련,번호이동 신청했는데 일주일이 지나도 진행이 안 되고 있어요.,부정
V1231,C465,2024-02-03,고객센터전화,문의,해지관련,해지관련 관련하여 문의 사항을 전달드립니다.,중립
V1232,C466,2024-01-30,이메일,불만,품질,어제부터 데이터 속도가 너무 느려요. 거의 쓸 수가 없어요.,부정
V1233,C467,2024-05-14,SNS,불만,앱기능,로그인이 계속 풀려요. 생체인증이 제대로 작동하지 않아요.,부정
V1234,C467,2024-08-15,앱리뷰,불만,품질,집에서 신호가 너무 약해요. 와이파이 없으면 데이터가 안 잡혀요.,부정
V1235,C468,2024-07-15,고객센터전화,불만,품질,어제부터 데이터 속도가 너무 느려요. 거의 쓸 수가 없어요.,부정
V1236,C468,2024-07-31,SNS,불만,요금,요금제 변경했는데 다음 달에도 기존 요금이 청구됐어요. 환불해 주세요.,부정
V1237,C468,2024-07-06,이메일,불만,해지관련,해지하려는데 위약금 설명이 너무 복잡해요. 명확하게 알려주세요.,부정
V1238,C468,2024-03-29,앱리뷰,제안,서비스,장기 고객에게 특별 혜택을 주는 프로그램이 있으면 좋겠어요.,중립
V1239,C469,2024-10-17,고객센터전화,문의,품질,품질 관련하여 문의 사항을 전달드립니다.,중립
V1240,C470,2024-10-17,고객센터전화,문의,기타,기타 관련하여 문의 사항을 전달드립니다.,중립
V1241,C471,2024-11-15,고객센터전화,불만,품질,통화 중에 자꾸 끊깁니다. 몇 번을 신고해도 나아지질 않네요.,부정
V1242,C471,2024-04-11,SNS,칭찬,품질,품질 관련하여 칭찬 사항을 전달드립니다.,긍정
V1243,C471,2024-01-12,SNS,불만,품질,어제부터 데이터 속도가 너무 느려요. 거의 쓸 수가 없어요.,부정
V1244,C472,2024-03-20,앱리뷰,불만,서비스,해지하려고 전화했더니 계속 다른 팀으로 돌리기만 해요.,부정
V1245,C473,2024-05-05,이메일,불만,서비스,상담사를 기다리다가 30분이 지났는데 아직도 연결이 안 돼요.,부정
V1246,C473,2024-02-04,고객센터전화,불만,품질,어제부터 데이터 속도가 너무 느려요. 거의 쓸 수가 없어요.,부정
V1247,C474,2024-12-18,앱리뷰,칭찬,요금,요금 관련하여 칭찬 사항을 전달드립니다.,긍정
V1248,C475,2024-01-11,앱리뷰,문의,기타,기타 관련하여 문의 사항을 전달드립니다.,중립
V1249,C475,2024-06-30,앱리뷰,제안,품질,품질 관련하여 제안 사항을 전달드립니다.,중립
V1250,C475,2024-08-20,이메일,불만,기타,기타 관련하여 불만 사항을 전달드립니다.,부정
V1251,C476,2024-10-16,이메일,칭찬,서비스,앱 업데이트 후 많이 편해졌어요. 개발팀 수고하셨습니다.,긍정
V1252,C477,2024-09-05,고객센터전화,불만,요금,요금제 변경했는데 다음 달에도 기존 요금이 청구됐어요. 환불해 주세요.,부정
V1253,C478,2024-08-07,SNS,제안,요금,요금 관련하여 제안 사항을 전달드립니다.,중립
V1254,C479,2024-02-01,앱리뷰,불만,서비스,같은 문제로 세 번째 전화하고 있어요. 매번 처음부터 설명해야 하나요?,부정
V1255,C479,2024-09-01,고객센터전화,불만,기타,기타 관련하여 불만 사항을 전달드립니다.,부정
V1256,C480,2024-04-05,앱리뷰,제안,기타,기타 관련하여 제안 사항을 전달드립니다.,중립
V1257,C480,2024-10-08,이메일,문의,해지관련,해지관련 관련하여 문의 사항을 전달드립니다.,중립
V1258,C481,2024-11-02,앱리뷰,불만,요금,이번 달 요금이 갑자기 많이 나왔어요. 설명 없이 올린 건가요?,부정
V1259,C482,2024-07-01,앱리뷰,불만,해지관련,해지 신청 후에도 요금이 계속 청구되고 있어요.,부정
V1260,C482,2024-04-10,고객센터전화,문의,품질,품질 관련하여 문의 사항을 전달드립니다.,중립
V1261,C482,2024-08-21,이메일,불만,품질,어제부터 데이터 속도가 너무 느려요. 거의 쓸 수가 없어요.,부정
V1262,C483,2024-02-09,이메일,문의,서비스,명의변경 절차가 어떻게 되나요?,중립
V1263,C483,2024-06-07,앱리뷰,불만,해지관련,해지 신청 후에도 요금이 계속 청구되고 있어요.,부정
V1264,C483,2024-10-10,이메일,제안,요금,요금 관련하여 제안 사항을 전달드립니다.,중립
V1265,C483,2024-07-17,앱리뷰,문의,요금,이번 달 요금이 어떻게 구성된 건지 자세히 알고 싶어요.,중립
V1266,C485,2024-09-28,앱리뷰,제안,품질,품질 관련하여 제안 사항을 전달드립니다.,중립
V1267,C485,2024-03-24,고객센터전화,불만,요금,자동이체가 제대로 안 되는데 연체료까지 붙었어요. 너무 황당합니다.,부정
V1268,C485,2024-12-20,이메일,문의,요금,이번 달 요금이 어떻게 구성된 건지 자세히 알고 싶어요.,중립
V1269,C487,2024-06-26,앱리뷰,불만,요금,자동이체가 제대로 안 되는데 연체료까지 붙었어요. 너무 황당합니다.,부정
V1270,C487,2024-07-17,SNS,불만,해지관련,해지 신청 후에도 요금이 계속 청구되고 있어요.,부정
V1271,C487,2024-06-21,SNS,칭찬,요금,요금 관련하여 칭찬 사항을 전달드립니다.,긍정
V1272,C487,2024-03-30,고객센터전화,문의,서비스,현재 가입된 부가서비스 목록을 어디서 확인하나요?,중립
V1273,C487,2024-07-10,이메일,불만,서비스,상담사를 기다리다가 30분이 지났는데 아직도 연결이 안 돼요.,부정
V1274,C487,2024-04-05,이메일,제안,해지관련,해지관련 관련하여 제안 사항을 전달드립니다.,중립
V1275,C488,2024-12-18,고객센터전화,문의,품질,품질 관련하여 문의 사항을 전달드립니다.,중립
V1276,C488,2024-09-20,고객센터전화,문의,서비스,해외 로밍 서비스 신청 방법이 궁금합니다.,중립
V1277,C488,2024-11-07,고객센터전화,문의,요금,가족결합 할인은 어떻게 신청하나요?,중립
V1278,C489,2024-04-29,앱리뷰,문의,기타,기타 관련하여 문의 사항을 전달드립니다.,중립
V1279,C489,2024-09-19,앱리뷰,제안,기타,기타 관련하여 제안 사항을 전달드립니다.,중립
V1280,C490,2024-06-21,이메일,불만,해지관련,번호이동 신청했는데 일주일이 지나도 진행이 안 되고 있어요.,부정
V1281,C491,2024-01-11,고객센터전화,문의,앱기능,앱기능 관련하여 문의 사항을 전달드립니다.,중립
V1282,C491,2024-10-21,고객센터전화,불만,요금,이번 달 요금이 갑자기 많이 나왔어요. 설명 없이 올린 건가요?,부정
V1283,C491,2024-02-08,SNS,불만,서비스,해지하려고 전화했더니 계속 다른 팀으로 돌리기만 해요.,부정
V1284,C492,2024-08-02,앱리뷰,칭찬,기타,기타 관련하여 칭찬 사항을 전달드립니다.,긍정
V1285,C492,2024-12-15,고객센터전화,문의,요금,가족결합 할인은 어떻게 신청하나요?,중립
V1286,C492,2024-09-13,앱리뷰,불만,기타,기타 관련하여 불만 사항을 전달드립니다.,부정
V1287,C492,2024-07-17,앱리뷰,불만,서비스,상담사를 기다리다가 30분이 지났는데 아직도 연결이 안 돼요.,부정
V1288,C493,2024-08-29,고객센터전화,불만,앱기능,앱에서 요금 명세서를 찾을 수가 없어요. UI가 너무 불편해요.,부정
V1289,C493,2024-05-27,SNS,제안,요금,요금 관련하여 제안 사항을 전달드립니다.,중립
V1290,C493,2024-01-29,이메일,칭찬,앱기능,앱기능 관련하여 칭찬 사항을 전달드립니다.,긍정
V1291,C493,2024-08-27,앱리뷰,불만,서비스,상담사를 기다리다가 30분이 지났는데 아직도 연결이 안 돼요.,부정
V1292,C494,2024-09-17,앱리뷰,불만,서비스,해지하려고 전화했더니 계속 다른 팀으로 돌리기만 해요.,부정
V1293,C494,2024-09-03,고객센터전화,불만,서비스,같은 문제로 세 번째 전화하고 있어요. 매번 처음부터 설명해야 하나요?,부정
V1294,C494,2024-05-23,이메일,불만,서비스,상담사를 기다리다가 30분이 지났는데 아직도 연결이 안 돼요.,부정
V1295,C495,2024-12-03,앱리뷰,불만,해지관련,해지하려는데 위약금 설명이 너무 복잡해요. 명확하게 알려주세요.,부정
V1296,C495,2024-10-29,앱리뷰,불만,품질,집에서 신호가 너무 약해요. 와이파이 없으면 데이터가 안 잡혀요.,부정
V1297,C495,2024-10-23,고객센터전화,불만,해지관련,해지 신청 후에도 요금이 계속 청구되고 있어요.,부정
V1298,C496,2024-05-09,SNS,문의,요금,포인트를 요금에서 차감할 수 있는지 궁금합니다.,중립
V1299,C496,2024-03-07,고객센터전화,제안,요금,요금 관련하여 제안 사항을 전달드립니다.,중립
V1300,C496,2024-08-29,고객센터전화,불만,요금,요금제 변경했는데 다음 달에도 기존 요금이 청구됐어요. 환불해 주세요.,부정
V1301,C496,2024-10-19,SNS,문의,기타,기타 관련하여 문의 사항을 전달드립니다.,중립
V1302,C497,2024-02-06,앱리뷰,불만,품질,통화 중에 자꾸 끊깁니다. 몇 번을 신고해도 나아지질 않네요.,부정
V1303,C497,2024-04-05,앱리뷰,제안,서비스,고객 등급제를 도입해서 충성 고객에게 혜택을 줬으면 해요.,중립
V1304,C498,2024-06-07,고객센터전화,문의,품질,품질 관련하여 문의 사항을 전달드립니다.,중립
V1305,C499,2024-09-20,앱리뷰,불만,앱기능,로그인이 계속 풀려요. 생체인증이 제대로 작동하지 않아요.,부정
V1306,C500,2024-09-10,고객센터전화,불만,서비스,상담사를 기다리다가 30분이 지났는데 아직도 연결이 안 돼요.,부정
V1307,C500,2024-05-02,앱리뷰,불만,품질,집에서 신호가 너무 약해요. 와이파이 없으면 데이터가 안 잡혀요.,부정
