consult_id,customer_id,consult_date,channel,category,duration_min,status,is_recontact,agent_id
CON0001,C001,2024-12-06,전화,해지문의,19,완료,N,AG15
CON0002,C001,2024-01-07,전화,장애신고,18,완료,N,AG02
CON0003,C002,2024-09-02,전화,기타,22,완료,N,AG16
CON0004,C002,2024-06-24,채팅,해지문의,7,완료,N,AG02
CON0005,C002,2024-10-13,채팅,부가서비스,8,미해결,N,AG03
CON0006,C003,2024-04-15,전화,해지문의,7,재문의,N,AG09
CON0007,C003,2024-01-19,앱,요금문의,10,미해결,N,AG02
CON0008,C003,2024-04-30,채팅,장애신고,13,재문의,N,AG06
CON0009,C003,2024-03-24,앱,장애신고,7,완료,N,AG20
CON0010,C004,2024-05-17,전화,기타,22,미해결,N,AG13
CON0011,C004,2024-11-29,채팅,해지문의,7,완료,N,AG18
CON0012,C004,2024-10-12,전화,요금문의,19,완료,N,AG01
CON0013,C004,2024-11-06,채팅,해지문의,6,완료,N,AG17
CON0014,C005,2024-04-11,채팅,요금문의,9,완료,Y,AG20
CON0015,C006,2024-04-01,전화,부가서비스,16,완료,N,AG09
CON0016,C006,2024-09-15,채팅,명의변경,12,완료,N,AG04
CON0017,C007,2024-04-04,전화,부가서비스,11,완료,N,AG10
CON0018,C007,2024-11-11,채팅,요금문의,9,재문의,N,AG11
CON0019,C008,2024-06-04,전화,해지문의,17,완료,N,AG08
CON0020,C008,2024-06-20,채팅,요금문의,9,완료,N,AG02
CON0021,C008,2024-10-25,앱,요금문의,8,미해결,Y,AG06
CON0022,C009,2024-01-04,전화,요금문의,15,완료,N,AG05
CON0023,C009,2024-03-24,전화,해지문의,18,완료,N,AG03
CON0024,C010,2024-05-22,앱,부가서비스,7,완료,N,AG10
CON0025,C010,2024-12-24,채팅,요금문의,10,완료,N,AG11
CON0026,C010,2024-12-17,전화,요금문의,14,완료,N,AG02
CON0027,C010,2024-07-13,전화,부가서비스,23,완료,N,AG09
CON0028,C011,2024-07-19,채팅,기타,5,완료,Y,AG04
CON0029,C011,2024-06-17,이메일,기타,,미해결,N,AG09
CON0030,C011,2024-06-26,이메일,해지문의,,재문의,Y,AG13
CON0031,C011,2024-07-20,이메일,기타,,완료,N,AG09
CON0032,C011,2024-07-10,채팅,기타,9,완료,Y,AG06
CON0033,C011,2024-07-14,전화,요금문의,28,재문의,Y,AG01
CON0034,C011,2024-06-28,전화,해지문의,8,완료,Y,AG16
CON0035,C011,2024-06-28,채팅,명의변경,7,완료,N,AG09
CON0036,C012,2024-02-29,전화,해지문의,17,완료,N,AG05
CON0037,C012,2024-08-26,전화,해지문의,12,완료,N,AG14
CON0038,C012,2024-11-28,전화,기타,31,완료,N,AG17
CON0039,C012,2024-11-18,채팅,장애신고,9,완료,Y,AG10
CON0040,C013,2024-12-01,전화,부가서비스,23,완료,N,AG17
CON0041,C013,2024-05-06,이메일,해지문의,,미해결,N,AG08
CON0042,C013,2024-10-04,채팅,장애신고,7,완료,Y,AG04
CON0043,C014,2024-04-08,전화,장애신고,21,완료,N,AG03
CON0044,C015,2024-06-15,앱,해지문의,0,재문의,Y,AG02
CON0045,C015,2024-07-21,전화,요금문의,32,완료,Y,AG10
CON0046,C015,2024-08-07,전화,부가서비스,25,완료,N,AG12
CON0047,C016,2024-08-05,앱,명의변경,7,완료,Y,AG09
CON0048,C016,2024-12-08,이메일,요금문의,,미해결,Y,AG04
CON0049,C016,2024-09-21,전화,해지문의,19,완료,N,AG11
CON0050,C016,2024-02-18,전화,부가서비스,27,완료,N,AG16
CON0051,C017,2024-10-29,전화,장애신고,12,완료,N,AG10
CON0052,C017,2024-07-08,전화,해지문의,24,완료,N,AG03
CON0053,C017,2024-09-22,채팅,요금문의,5,미해결,N,AG06
CON0054,C018,2024-03-16,채팅,요금문의,12,미해결,N,AG15
CON0055,C018,2024-06-03,전화,장애신고,17,완료,N,AG18
CON0056,C019,2024-10-09,전화,요금문의,17,완료,N,AG09
CON0057,C019,2024-10-18,전화,요금문의,20,완료,N,AG18
CON0058,C019,2024-04-01,채팅,요금문의,10,완료,Y,AG15
CON0059,C020,2024-03-09,전화,부가서비스,20,완료,N,AG02
CON0060,C021,2024-02-29,채팅,부가서비스,8,완료,N,AG07
CON0061,C022,2024-07-04,이메일,기타,,완료,N,AG14
CON0062,C022,2024-05-29,전화,명의변경,12,완료,N,AG18
CON0063,C022,2024-09-06,전화,요금문의,16,완료,Y,AG16
CON0064,C023,2024-08-26,채팅,기타,7,완료,Y,AG07
CON0065,C023,2024-09-16,앱,요금문의,7,완료,N,AG15
CON0066,C023,2024-08-20,이메일,해지문의,,미해결,N,AG18
CON0067,C023,2024-09-27,전화,요금문의,23,완료,N,AG02
CON0068,C024,2024-04-17,전화,요금문의,19,완료,N,AG11
CON0069,C024,2024-08-06,이메일,장애신고,,완료,N,AG03
CON0070,C024,2024-11-21,앱,장애신고,2,완료,N,AG18
CON0071,C025,2024-03-01,채팅,요금문의,3,완료,Y,AG08
CON0072,C025,2024-04-04,이메일,요금문의,,재문의,Y,AG16
CON0073,C026,2024-01-27,앱,요금문의,6,완료,N,AG09
CON0074,C026,2024-01-30,채팅,부가서비스,6,완료,N,AG17
CON0075,C026,2024-11-18,채팅,해지문의,2,완료,N,AG20
CON0076,C027,2024-04-14,채팅,명의변경,6,미해결,N,AG14
CON0077,C027,2024-06-21,전화,장애신고,18,완료,N,AG20
CON0078,C027,2024-11-04,전화,장애신고,22,완료,Y,AG08
CON0079,C028,2024-06-17,앱,장애신고,5,완료,N,AG06
CON0080,C028,2024-11-29,채팅,장애신고,6,미해결,N,AG06
CON0081,C029,2024-06-28,전화,장애신고,11,재문의,N,AG16
CON0082,C030,2024-01-09,앱,기타,6,완료,N,AG19
CON0083,C030,2024-03-22,이메일,요금문의,,미해결,Y,AG19
CON0084,C030,2024-04-01,전화,장애신고,20,완료,N,AG08
CON0085,C030,2024-03-11,전화,해지문의,30,완료,Y,AG20
CON0086,C031,2024-06-19,채팅,장애신고,5,완료,N,AG03
CON0087,C031,2024-07-18,전화,부가서비스,9,완료,Y,AG07
CON0088,C031,2024-09-06,전화,요금문의,20,재문의,N,AG19
CON0089,C032,2024-10-31,전화,요금문의,13,완료,N,AG05
CON0090,C032,2024-10-17,채팅,명의변경,8,완료,N,AG07
CON0091,C032,2024-11-02,앱,요금문의,7,완료,N,AG05
CON0092,C033,2024-09-27,채팅,기타,8,재문의,Y,AG04
CON0093,C033,2024-09-26,전화,요금문의,20,완료,N,AG03
CON0094,C033,2024-11-20,앱,요금문의,6,미해결,N,AG09
CON0095,C033,2024-04-30,전화,요금문의,21,완료,N,AG09
CON0096,C034,2024-08-15,전화,장애신고,15,완료,N,AG20
CON0097,C034,2024-03-15,앱,요금문의,7,완료,N,AG13
CON0098,C035,2024-05-29,앱,장애신고,8,미해결,N,AG13
CON0099,C036,2024-03-30,전화,요금문의,14,완료,N,AG10
CON0100,C036,2024-07-26,전화,해지문의,19,완료,N,AG14
CON0101,C037,2024-02-05,전화,요금문의,15,재문의,N,AG17
CON0102,C038,2024-03-07,전화,요금문의,21,완료,N,AG14
CON0103,C038,2024-02-13,채팅,장애신고,8,완료,N,AG09
CON0104,C039,2024-11-25,전화,명의변경,20,미해결,N,AG13
CON0105,C039,2024-03-02,이메일,요금문의,,완료,N,AG08
CON0106,C039,2024-12-10,채팅,요금문의,11,완료,Y,AG18
CON0107,C040,2024-09-21,채팅,부가서비스,5,완료,Y,AG19
CON0108,C041,2024-02-16,전화,요금문의,27,완료,N,AG06
CON0109,C042,2024-01-01,채팅,기타,6,완료,N,AG03
CON0110,C042,2024-07-25,채팅,명의변경,11,재문의,N,AG03
CON0111,C043,2024-03-18,앱,장애신고,7,재문의,Y,AG09
CON0112,C043,2024-02-11,전화,해지문의,22,완료,N,AG05
CON0113,C043,2024-02-21,전화,요금문의,23,완료,N,AG09
CON0114,C043,2024-05-27,전화,기타,28,완료,N,AG11
CON0115,C045,2024-11-11,전화,장애신고,13,완료,N,AG15
CON0116,C045,2024-04-16,전화,해지문의,16,완료,N,AG17
CON0117,C045,2024-08-10,채팅,기타,14,완료,N,AG07
CON0118,C046,2024-11-14,전화,요금문의,15,완료,N,AG20
CON0119,C046,2024-09-17,전화,장애신고,25,완료,N,AG06
CON0120,C046,2024-08-25,앱,장애신고,8,완료,N,AG08
CON0121,C046,2024-09-13,앱,요금문의,6,완료,N,AG15
CON0122,C047,2024-10-05,채팅,기타,2,완료,N,AG17
CON0123,C047,2024-05-31,채팅,해지문의,12,미해결,N,AG20
CON0124,C048,2024-06-04,전화,해지문의,23,완료,N,AG08
CON0125,C048,2024-08-13,전화,요금문의,11,완료,N,AG03
CON0126,C048,2024-11-28,채팅,장애신고,6,재문의,Y,AG03
CON0127,C048,2024-03-04,이메일,해지문의,,재문의,N,AG01
CON0128,C049,2024-11-10,전화,부가서비스,17,완료,N,AG04
CON0129,C049,2024-04-23,앱,부가서비스,4,완료,Y,AG05
CON0130,C049,2024-12-12,앱,요금문의,6,완료,N,AG01
CON0131,C050,2024-06-01,전화,장애신고,13,재문의,N,AG13
CON0132,C051,2024-12-02,전화,요금문의,21,재문의,Y,AG02
CON0133,C052,2024-09-23,이메일,해지문의,,완료,N,AG14
CON0134,C052,2024-10-26,전화,요금문의,18,완료,N,AG14
CON0135,C052,2024-09-05,전화,명의변경,19,미해결,N,AG02
CON0136,C052,2024-11-14,전화,장애신고,20,미해결,N,AG12
CON0137,C053,2024-12-01,전화,장애신고,17,완료,N,AG16
CON0138,C053,2024-01-04,이메일,요금문의,,재문의,Y,AG03
CON0139,C054,2024-11-15,전화,요금문의,19,재문의,N,AG03
CON0140,C054,2024-01-13,전화,기타,16,완료,N,AG12
CON0141,C055,2024-10-13,전화,요금문의,15,완료,N,AG13
CON0142,C055,2024-06-09,전화,명의변경,26,완료,N,AG05
CON0143,C055,2024-03-15,이메일,해지문의,,미해결,Y,AG07
CON0144,C056,2024-08-19,전화,부가서비스,9,완료,N,AG02
CON0145,C057,2024-08-19,채팅,장애신고,14,완료,N,AG11
CON0146,C057,2024-12-12,앱,요금문의,4,완료,N,AG10
CON0147,C060,2024-09-07,채팅,기타,10,미해결,N,AG06
CON0148,C060,2024-08-09,전화,해지문의,28,완료,N,AG15
CON0149,C060,2024-08-10,전화,장애신고,21,완료,Y,AG20
CON0150,C060,2024-08-17,전화,해지문의,19,미해결,N,AG14
CON0151,C060,2024-09-18,이메일,요금문의,,미해결,N,AG04
CON0152,C060,2024-09-06,이메일,요금문의,,완료,N,AG03
CON0153,C061,2024-12-06,전화,기타,18,완료,N,AG11
CON0154,C061,2024-11-23,앱,해지문의,9,완료,N,AG04
CON0155,C061,2024-10-30,전화,해지문의,10,완료,N,AG08
CON0156,C062,2024-11-22,전화,요금문의,20,완료,N,AG18
CON0157,C062,2024-10-14,전화,장애신고,12,완료,N,AG13
CON0158,C063,2024-07-30,채팅,해지문의,12,완료,N,AG20
CON0159,C063,2024-02-05,채팅,요금문의,7,완료,N,AG04
CON0160,C063,2024-11-15,전화,요금문의,18,완료,N,AG20
CON0161,C064,2024-08-05,채팅,해지문의,6,완료,N,AG16
CON0162,C064,2024-07-25,전화,기타,10,완료,N,AG08
CON0163,C064,2024-07-09,이메일,기타,,완료,Y,AG19
CON0164,C064,2024-07-24,채팅,해지문의,4,재문의,Y,AG01
CON0165,C065,2024-08-22,채팅,요금문의,10,완료,N,AG19
CON0166,C065,2024-03-13,전화,요금문의,20,완료,Y,AG03
CON0167,C066,2024-01-14,채팅,요금문의,4,미해결,N,AG18
CON0168,C066,2024-06-01,채팅,장애신고,7,미해결,N,AG14
CON0169,C067,2024-02-20,전화,기타,17,재문의,N,AG02
CON0170,C067,2024-02-26,이메일,요금문의,,재문의,N,AG02
CON0171,C068,2024-09-08,채팅,기타,3,완료,Y,AG10
CON0172,C068,2024-08-10,전화,해지문의,19,완료,N,AG01
CON0173,C068,2024-08-11,전화,장애신고,18,완료,N,AG09
CON0174,C069,2024-06-22,전화,요금문의,12,완료,N,AG17
CON0175,C070,2024-04-06,전화,해지문의,18,완료,Y,AG19
CON0176,C070,2024-09-11,채팅,명의변경,9,재문의,N,AG01
CON0177,C070,2024-06-08,채팅,요금문의,10,미해결,N,AG04
CON0178,C070,2024-05-13,전화,요금문의,20,완료,N,AG15
CON0179,C072,2024-02-20,전화,부가서비스,11,완료,N,AG03
CON0180,C073,2024-09-20,앱,해지문의,4,재문의,N,AG20
CON0181,C073,2024-05-27,이메일,해지문의,,재문의,N,AG15
CON0182,C073,2024-12-05,채팅,장애신고,7,미해결,N,AG10
CON0183,C073,2024-02-27,전화,요금문의,23,미해결,N,AG05
CON0184,C074,2024-03-23,이메일,장애신고,,완료,N,AG10
CON0185,C074,2024-06-13,전화,장애신고,18,완료,N,AG19
CON0186,C075,2024-02-01,전화,해지문의,18,완료,N,AG20
CON0187,C075,2024-01-28,이메일,장애신고,,완료,Y,AG12
CON0188,C076,2024-08-04,채팅,기타,9,완료,Y,AG18
CON0189,C076,2024-11-10,채팅,장애신고,10,완료,N,AG07
CON0190,C077,2024-10-21,채팅,해지문의,3,미해결,Y,AG12
CON0191,C078,2024-08-25,채팅,해지문의,4,완료,N,AG01
CON0192,C079,2024-01-25,전화,해지문의,13,완료,Y,AG05
CON0193,C079,2024-10-26,앱,부가서비스,5,미해결,N,AG16
CON0194,C079,2024-06-22,전화,기타,25,재문의,N,AG03
CON0195,C079,2024-06-19,채팅,장애신고,6,완료,N,AG16
CON0196,C080,2024-06-18,이메일,요금문의,,재문의,N,AG17
CON0197,C080,2024-06-05,이메일,해지문의,,재문의,N,AG09
CON0198,C080,2024-06-20,앱,해지문의,3,완료,N,AG06
CON0199,C081,2024-11-13,전화,장애신고,13,완료,N,AG16
CON0200,C081,2024-07-25,채팅,요금문의,4,완료,N,AG03
CON0201,C081,2024-03-18,전화,해지문의,20,재문의,N,AG19
CON0202,C081,2024-08-10,채팅,장애신고,7,완료,N,AG11
CON0203,C082,2024-10-18,전화,요금문의,37,완료,N,AG16
CON0204,C082,2024-03-17,이메일,해지문의,,완료,N,AG02
CON0205,C082,2024-02-06,전화,장애신고,12,완료,N,AG02
CON0206,C082,2024-06-05,채팅,부가서비스,16,완료,Y,AG08
CON0207,C083,2024-01-21,전화,해지문의,26,완료,N,AG01
CON0208,C083,2024-01-12,전화,해지문의,11,재문의,N,AG01
CON0209,C084,2024-08-04,전화,장애신고,17,재문의,N,AG11
CON0210,C084,2024-04-17,전화,요금문의,24,완료,N,AG16
CON0211,C085,2024-09-22,이메일,요금문의,,완료,Y,AG19
CON0212,C085,2024-12-25,전화,해지문의,19,재문의,N,AG08
CON0213,C086,2024-09-13,전화,부가서비스,18,완료,N,AG20
CON0214,C086,2024-08-10,이메일,요금문의,,미해결,N,AG15
CON0215,C086,2024-08-26,이메일,요금문의,,미해결,N,AG04
CON0216,C087,2024-06-22,채팅,기타,7,완료,N,AG14
CON0217,C087,2024-04-22,전화,장애신고,29,완료,N,AG18
CON0218,C087,2024-11-19,이메일,해지문의,,완료,N,AG19
CON0219,C088,2024-09-10,채팅,부가서비스,12,미해결,N,AG09
CON0220,C088,2024-06-05,채팅,부가서비스,10,완료,N,AG12
CON0221,C089,2024-06-29,채팅,명의변경,6,재문의,N,AG16
CON0222,C089,2024-11-18,채팅,해지문의,4,재문의,N,AG03
CON0223,C089,2024-11-16,앱,요금문의,6,완료,Y,AG07
CON0224,C090,2024-06-16,전화,기타,16,완료,Y,AG14
CON0225,C090,2024-09-29,채팅,기타,6,완료,N,AG18
CON0226,C090,2024-08-28,전화,장애신고,27,완료,N,AG17
CON0227,C091,2024-03-09,이메일,해지문의,,완료,Y,AG18
CON0228,C091,2024-10-15,이메일,해지문의,,재문의,N,AG12
CON0229,C093,2024-06-30,채팅,해지문의,3,미해결,N,AG06
CON0230,C093,2024-11-27,이메일,장애신고,,미해결,N,AG11
CON0231,C094,2024-05-03,전화,요금문의,15,완료,N,AG18
CON0232,C094,2024-09-15,전화,요금문의,10,완료,N,AG05
CON0233,C094,2024-01-28,채팅,장애신고,9,미해결,N,AG20
CON0234,C094,2024-10-23,전화,장애신고,12,완료,N,AG12
CON0235,C095,2024-05-07,채팅,요금문의,12,재문의,Y,AG13
CON0236,C095,2024-03-14,전화,해지문의,14,완료,N,AG17
CON0237,C095,2024-03-21,채팅,부가서비스,10,완료,N,AG04
CON0238,C096,2024-01-27,채팅,요금문의,8,완료,N,AG09
CON0239,C096,2024-02-02,이메일,기타,,완료,N,AG07
CON0240,C096,2024-08-10,채팅,명의변경,8,완료,Y,AG18
CON0241,C096,2024-10-14,전화,해지문의,20,재문의,N,AG18
CON0242,C097,2024-08-12,전화,요금문의,26,완료,N,AG01
CON0243,C097,2024-08-03,이메일,해지문의,,미해결,N,AG05
CON0244,C097,2024-08-31,이메일,부가서비스,,미해결,Y,AG08
CON0245,C097,2024-09-02,전화,해지문의,21,완료,N,AG15
CON0246,C097,2024-08-05,채팅,해지문의,7,완료,N,AG15
CON0247,C097,2024-07-30,전화,해지문의,8,완료,N,AG02
CON0248,C098,2024-04-16,전화,명의변경,20,완료,N,AG06
CON0249,C098,2024-10-19,전화,해지문의,9,재문의,N,AG02
CON0250,C098,2024-08-13,전화,해지문의,22,완료,N,AG18
CON0251,C098,2024-11-08,전화,해지문의,10,완료,N,AG04
CON0252,C099,2024-06-08,채팅,해지문의,10,완료,N,AG08
CON0253,C099,2024-08-16,채팅,요금문의,9,미해결,N,AG12
CON0254,C099,2024-09-24,전화,기타,11,완료,N,AG11
CON0255,C100,2024-10-16,전화,해지문의,15,완료,N,AG19
CON0256,C100,2024-02-01,전화,부가서비스,12,재문의,N,AG03
CON0257,C100,2024-05-09,채팅,요금문의,11,완료,N,AG20
CON0258,C101,2024-01-21,채팅,부가서비스,11,완료,N,AG10
CON0259,C101,2024-10-31,전화,장애신고,15,완료,N,AG08
CON0260,C101,2024-05-21,채팅,요금문의,5,재문의,N,AG02
CON0261,C101,2024-07-13,이메일,요금문의,,완료,N,AG07
CON0262,C102,2024-11-05,전화,장애신고,14,완료,N,AG01
CON0263,C102,2024-06-09,이메일,해지문의,,재문의,N,AG16
CON0264,C102,2024-07-03,전화,명의변경,17,완료,N,AG03
CON0265,C102,2024-11-01,전화,요금문의,26,완료,N,AG18
CON0266,C103,2024-04-21,채팅,요금문의,9,완료,N,AG10
CON0267,C103,2024-09-22,전화,부가서비스,8,재문의,N,AG17
CON0268,C103,2024-02-05,채팅,명의변경,6,완료,N,AG13
CON0269,C104,2024-01-12,채팅,해지문의,7,완료,N,AG10
CON0270,C104,2024-11-20,이메일,요금문의,,미해결,Y,AG09
CON0271,C104,2024-12-13,전화,요금문의,12,완료,N,AG16
CON0272,C104,2024-01-15,이메일,해지문의,,완료,Y,AG15
CON0273,C105,2024-11-09,전화,명의변경,20,완료,N,AG06
CON0274,C105,2024-08-05,전화,요금문의,15,완료,N,AG11
CON0275,C105,2024-01-11,채팅,요금문의,5,완료,N,AG15
CON0276,C105,2024-09-08,채팅,부가서비스,8,완료,N,AG03
CON0277,C106,2024-02-11,전화,장애신고,20,완료,N,AG10
CON0278,C106,2024-06-20,채팅,명의변경,14,재문의,N,AG07
CON0279,C106,2024-03-17,전화,명의변경,21,미해결,N,AG04
CON0280,C107,2024-11-30,전화,장애신고,14,완료,N,AG14
CON0281,C107,2024-07-31,채팅,요금문의,5,완료,Y,AG17
CON0282,C108,2024-03-28,전화,요금문의,13,완료,N,AG16
CON0283,C108,2024-04-08,이메일,장애신고,,완료,Y,AG01
CON0284,C108,2024-05-03,전화,장애신고,13,완료,N,AG06
CON0285,C109,2024-07-24,이메일,장애신고,,완료,N,AG14
CON0286,C109,2024-07-26,채팅,해지문의,6,재문의,N,AG20
CON0287,C110,2024-12-17,채팅,부가서비스,8,완료,Y,AG13
CON0288,C110,2024-05-16,전화,기타,15,완료,N,AG07
CON0289,C110,2024-09-11,채팅,기타,6,미해결,Y,AG16
CON0290,C111,2024-11-17,전화,해지문의,23,완료,N,AG17
CON0291,C111,2024-12-10,채팅,장애신고,4,완료,N,AG12
CON0292,C111,2024-12-08,채팅,해지문의,14,완료,N,AG19
CON0293,C111,2024-11-17,채팅,해지문의,10,완료,N,AG04
CON0294,C112,2024-05-18,전화,해지문의,6,재문의,Y,AG15
CON0295,C112,2024-01-24,앱,장애신고,7,재문의,N,AG09
CON0296,C112,2024-09-04,이메일,기타,,재문의,Y,AG10
CON0297,C113,2024-10-13,전화,부가서비스,17,완료,N,AG17
CON0298,C113,2024-04-01,전화,장애신고,22,완료,N,AG19
CON0299,C114,2024-11-29,전화,요금문의,20,완료,N,AG08
CON0300,C114,2024-03-11,이메일,해지문의,,완료,N,AG17
CON0301,C114,2024-02-22,전화,명의변경,20,완료,N,AG03
CON0302,C114,2024-01-05,앱,요금문의,7,완료,Y,AG01
CON0303,C115,2024-02-15,채팅,장애신고,8,미해결,N,AG04
CON0304,C116,2024-07-22,전화,부가서비스,22,완료,N,AG03
CON0305,C117,2024-05-01,이메일,장애신고,,재문의,N,AG10
CON0306,C117,2024-08-14,전화,요금문의,23,미해결,Y,AG10
CON0307,C118,2024-06-11,전화,해지문의,12,완료,N,AG16
CON0308,C118,2024-04-01,채팅,해지문의,5,완료,N,AG03
CON0309,C118,2024-09-02,이메일,장애신고,,미해결,Y,AG03
CON0310,C119,2024-01-29,채팅,부가서비스,8,재문의,N,AG09
CON0311,C120,2024-09-09,이메일,장애신고,,미해결,Y,AG04
CON0312,C120,2024-08-06,채팅,요금문의,10,재문의,N,AG12
CON0313,C120,2024-10-04,채팅,해지문의,5,완료,N,AG15
CON0314,C120,2024-08-11,채팅,해지문의,9,완료,N,AG12
CON0315,C121,2024-09-19,채팅,요금문의,9,재문의,N,AG19
CON0316,C122,2024-10-04,채팅,요금문의,8,미해결,N,AG15
CON0317,C122,2024-09-01,전화,장애신고,19,완료,N,AG09
CON0318,C123,2024-04-08,앱,해지문의,7,재문의,N,AG09
CON0319,C123,2024-09-02,앱,해지문의,8,완료,N,AG08
CON0320,C123,2024-02-27,채팅,요금문의,6,재문의,N,AG15
CON0321,C124,2024-07-07,전화,부가서비스,12,완료,N,AG04
CON0322,C124,2024-11-13,전화,요금문의,15,미해결,N,AG09
CON0323,C124,2024-06-13,전화,부가서비스,27,재문의,N,AG10
CON0324,C124,2024-04-05,전화,기타,27,완료,N,AG04
CON0325,C125,2024-12-02,전화,해지문의,21,완료,N,AG06
CON0326,C125,2024-04-11,이메일,요금문의,,완료,Y,AG16
CON0327,C125,2024-06-26,채팅,장애신고,6,완료,N,AG10
CON0328,C125,2024-08-17,채팅,요금문의,7,완료,N,AG12
CON0329,C126,2024-12-23,채팅,장애신고,6,완료,Y,AG18
CON0330,C126,2024-11-13,이메일,요금문의,,완료,N,AG03
CON0331,C126,2024-07-17,채팅,해지문의,9,완료,N,AG17
CON0332,C127,2024-08-04,채팅,장애신고,9,완료,N,AG13
CON0333,C127,2024-09-12,전화,해지문의,24,완료,N,AG08
CON0334,C127,2024-08-14,전화,요금문의,16,완료,N,AG15
CON0335,C127,2024-09-03,이메일,장애신고,,완료,N,AG02
CON0336,C127,2024-08-02,채팅,장애신고,7,재문의,N,AG20
CON0337,C128,2024-05-14,채팅,부가서비스,8,완료,N,AG13
CON0338,C128,2024-06-30,채팅,요금문의,10,완료,N,AG06
CON0339,C128,2024-06-02,이메일,해지문의,,재문의,Y,AG02
CON0340,C128,2024-06-19,채팅,장애신고,5,미해결,N,AG03
CON0341,C128,2024-06-19,이메일,요금문의,,완료,N,AG11
CON0342,C129,2024-05-31,전화,장애신고,15,완료,N,AG01
CON0343,C129,2024-06-15,이메일,기타,,완료,N,AG06
CON0344,C129,2024-05-14,전화,해지문의,14,완료,N,AG07
CON0345,C129,2024-06-24,채팅,해지문의,7,완료,N,AG03
CON0346,C129,2024-05-12,채팅,부가서비스,9,완료,N,AG15
CON0347,C130,2024-06-01,이메일,해지문의,,완료,Y,AG10
CON0348,C130,2024-06-16,전화,장애신고,15,완료,N,AG11
CON0349,C130,2024-05-03,이메일,요금문의,,재문의,N,AG07
CON0350,C131,2024-08-01,전화,요금문의,16,완료,N,AG09
CON0351,C131,2024-08-20,채팅,장애신고,9,미해결,N,AG07
CON0352,C131,2024-08-31,앱,해지문의,9,완료,N,AG13
CON0353,C131,2024-08-09,앱,요금문의,6,재문의,Y,AG15
CON0354,C131,2024-08-27,전화,해지문의,7,완료,N,AG10
CON0355,C131,2024-08-14,이메일,부가서비스,,완료,Y,AG04
CON0356,C131,2024-07-21,전화,해지문의,14,재문의,N,AG10
CON0357,C132,2024-10-21,채팅,해지문의,7,완료,N,AG07
CON0358,C133,2024-06-02,전화,장애신고,12,완료,N,AG08
CON0359,C133,2024-08-27,채팅,장애신고,11,완료,N,AG18
CON0360,C133,2024-10-09,채팅,요금문의,10,완료,Y,AG18
CON0361,C133,2024-10-31,전화,요금문의,17,완료,N,AG13
CON0362,C134,2024-10-26,채팅,장애신고,6,완료,N,AG13
CON0363,C134,2024-10-21,채팅,요금문의,11,완료,N,AG09
CON0364,C134,2024-12-05,채팅,명의변경,7,미해결,N,AG02
CON0365,C134,2024-12-09,이메일,부가서비스,,완료,N,AG19
CON0366,C135,2024-12-21,채팅,요금문의,4,완료,N,AG12
CON0367,C135,2024-05-17,채팅,장애신고,6,재문의,Y,AG16
CON0368,C136,2024-01-12,전화,기타,20,완료,N,AG18
CON0369,C136,2024-01-21,이메일,요금문의,,재문의,N,AG02
CON0370,C136,2024-08-26,전화,장애신고,11,완료,N,AG08
CON0371,C137,2024-06-09,채팅,명의변경,8,완료,N,AG02
CON0372,C137,2024-01-14,채팅,부가서비스,12,미해결,Y,AG12
CON0373,C137,2024-09-04,채팅,요금문의,5,완료,N,AG11
CON0374,C137,2024-11-13,채팅,해지문의,2,미해결,N,AG11
CON0375,C138,2024-06-23,앱,요금문의,5,완료,N,AG12
CON0376,C138,2024-06-06,전화,장애신고,24,재문의,N,AG06
CON0377,C138,2024-08-31,전화,요금문의,16,완료,N,AG11
CON0378,C139,2024-04-20,전화,장애신고,20,완료,N,AG06
CON0379,C139,2024-02-06,앱,해지문의,7,완료,Y,AG10
CON0380,C139,2024-03-19,채팅,장애신고,10,완료,N,AG13
CON0381,C140,2024-11-18,채팅,장애신고,10,완료,N,AG11
CON0382,C140,2024-05-26,채팅,요금문의,9,완료,N,AG05
CON0383,C140,2024-05-03,채팅,해지문의,10,완료,N,AG02
CON0384,C140,2024-04-14,채팅,요금문의,8,재문의,Y,AG11
CON0385,C141,2024-07-21,이메일,요금문의,,미해결,Y,AG01
CON0386,C142,2024-07-11,채팅,요금문의,11,완료,Y,AG12
CON0387,C142,2024-09-22,이메일,부가서비스,,완료,N,AG18
CON0388,C143,2024-10-10,채팅,해지문의,8,미해결,N,AG13
CON0389,C143,2024-11-27,전화,장애신고,7,완료,Y,AG17
CON0390,C144,2024-04-08,전화,요금문의,19,재문의,N,AG02
CON0391,C145,2024-05-03,전화,해지문의,25,완료,N,AG02
CON0392,C145,2024-08-15,이메일,장애신고,,미해결,Y,AG16
CON0393,C146,2024-02-18,전화,장애신고,26,완료,N,AG09
CON0394,C146,2024-06-24,전화,장애신고,19,완료,N,AG15
CON0395,C146,2024-05-01,이메일,명의변경,,완료,Y,AG02
CON0396,C147,2024-12-17,이메일,장애신고,,재문의,N,AG05
CON0397,C147,2024-12-19,채팅,해지문의,9,완료,Y,AG17
CON0398,C148,2024-08-23,채팅,기타,5,완료,Y,AG17
CON0399,C148,2024-10-14,채팅,요금문의,7,완료,N,AG07
CON0400,C148,2024-02-06,전화,요금문의,17,재문의,N,AG04
CON0401,C149,2024-07-16,채팅,명의변경,10,미해결,Y,AG06
CON0402,C149,2024-02-11,전화,해지문의,28,완료,N,AG16
CON0403,C149,2024-11-03,전화,해지문의,29,완료,N,AG17
CON0404,C149,2024-12-08,채팅,요금문의,3,미해결,N,AG10
CON0405,C151,2024-10-17,이메일,요금문의,,미해결,N,AG04
CON0406,C151,2024-10-15,전화,장애신고,18,완료,N,AG14
CON0407,C151,2024-10-17,이메일,부가서비스,,재문의,N,AG16
CON0408,C151,2024-10-12,전화,기타,18,완료,N,AG01
CON0409,C151,2024-10-23,채팅,요금문의,12,완료,Y,AG01
CON0410,C152,2024-03-04,전화,해지문의,27,완료,N,AG20
CON0411,C152,2024-03-01,전화,해지문의,19,완료,N,AG07
CON0412,C152,2024-12-25,전화,요금문의,18,완료,N,AG05
CON0413,C152,2024-07-12,이메일,장애신고,,완료,N,AG09
CON0414,C153,2024-03-21,채팅,장애신고,6,재문의,N,AG12
CON0415,C153,2024-07-28,전화,장애신고,8,완료,N,AG18
CON0416,C153,2024-09-18,채팅,해지문의,10,완료,N,AG14
CON0417,C153,2024-11-01,전화,부가서비스,23,완료,N,AG18
CON0418,C154,2024-01-06,전화,장애신고,8,완료,Y,AG01
CON0419,C154,2024-11-12,채팅,해지문의,11,완료,N,AG09
CON0420,C154,2024-10-06,앱,부가서비스,9,완료,N,AG11
CON0421,C155,2024-08-09,채팅,요금문의,10,재문의,N,AG06
CON0422,C155,2024-12-16,채팅,해지문의,7,완료,N,AG07
CON0423,C155,2024-08-04,앱,명의변경,3,완료,N,AG14
CON0424,C156,2024-08-23,전화,요금문의,15,재문의,N,AG12
CON0425,C157,2024-12-28,전화,해지문의,24,재문의,N,AG04
CON0426,C157,2024-04-11,채팅,요금문의,13,재문의,N,AG08
CON0427,C157,2024-03-10,채팅,명의변경,8,완료,Y,AG06
CON0428,C157,2024-01-14,전화,해지문의,21,재문의,Y,AG09
CON0429,C158,2024-12-20,전화,명의변경,20,완료,N,AG05
CON0430,C158,2024-06-17,채팅,해지문의,7,완료,N,AG20
CON0431,C158,2024-02-01,앱,해지문의,7,미해결,N,AG20
CON0432,C159,2024-08-01,전화,기타,5,완료,N,AG20
CON0433,C159,2024-08-10,전화,장애신고,28,완료,N,AG03
CON0434,C159,2024-08-05,이메일,요금문의,,미해결,Y,AG01
CON0435,C159,2024-08-10,전화,요금문의,9,완료,Y,AG19
CON0436,C159,2024-07-19,채팅,요금문의,10,완료,Y,AG08
CON0437,C160,2024-06-17,채팅,해지문의,7,미해결,Y,AG20
CON0438,C160,2024-07-22,전화,장애신고,15,완료,Y,AG09
CON0439,C160,2024-01-19,전화,해지문의,23,완료,N,AG02
CON0440,C160,2024-03-15,채팅,해지문의,4,미해결,Y,AG04
CON0441,C161,2024-05-12,전화,부가서비스,28,완료,N,AG11
CON0442,C161,2024-05-06,채팅,요금문의,6,재문의,N,AG15
CON0443,C161,2024-06-24,전화,명의변경,10,완료,N,AG18
CON0444,C162,2024-04-24,전화,부가서비스,28,미해결,Y,AG19
CON0445,C163,2024-04-17,전화,장애신고,23,완료,N,AG11
CON0446,C163,2024-12-19,이메일,부가서비스,,재문의,N,AG20
CON0447,C163,2024-08-21,전화,요금문의,10,완료,N,AG10
CON0448,C164,2024-01-09,채팅,요금문의,8,완료,Y,AG08
CON0449,C164,2024-12-26,이메일,명의변경,,완료,N,AG06
CON0450,C165,2024-06-21,앱,해지문의,6,완료,Y,AG16
CON0451,C166,2024-05-16,이메일,기타,,재문의,N,AG13
CON0452,C166,2024-06-11,채팅,요금문의,12,완료,Y,AG05
CON0453,C167,2024-03-30,전화,해지문의,28,완료,N,AG05
CON0454,C168,2024-10-26,전화,요금문의,24,완료,N,AG17
CON0455,C168,2024-07-03,채팅,해지문의,5,재문의,N,AG15
CON0456,C169,2024-01-29,전화,요금문의,8,완료,Y,AG03
CON0457,C169,2024-11-25,전화,부가서비스,13,완료,N,AG04
CON0458,C169,2024-03-24,전화,장애신고,17,미해결,N,AG06
CON0459,C170,2024-03-18,채팅,기타,14,완료,N,AG13
CON0460,C170,2024-09-08,전화,장애신고,17,완료,N,AG19
CON0461,C170,2024-12-09,채팅,요금문의,9,미해결,N,AG19
CON0462,C171,2024-07-28,전화,해지문의,14,완료,N,AG19
CON0463,C171,2024-09-14,전화,장애신고,18,완료,N,AG07
CON0464,C171,2024-09-01,채팅,요금문의,5,미해결,N,AG18
CON0465,C171,2024-09-02,전화,명의변경,23,재문의,N,AG17
CON0466,C171,2024-09-13,채팅,명의변경,9,완료,Y,AG07
CON0467,C172,2024-11-18,이메일,명의변경,,완료,N,AG02
CON0468,C172,2024-09-16,전화,장애신고,31,완료,N,AG18
CON0469,C172,2024-10-10,채팅,요금문의,2,완료,N,AG07
CON0470,C173,2024-07-23,앱,해지문의,4,완료,Y,AG17
CON0471,C173,2024-05-07,이메일,요금문의,,완료,N,AG04
CON0472,C174,2024-01-02,전화,요금문의,6,미해결,Y,AG03
CON0473,C174,2024-04-17,앱,요금문의,3,완료,N,AG17
CON0474,C174,2024-01-26,전화,요금문의,5,재문의,N,AG13
CON0475,C175,2024-05-03,전화,장애신고,17,완료,N,AG03
CON0476,C175,2024-05-29,채팅,장애신고,11,완료,N,AG08
CON0477,C175,2024-10-28,전화,요금문의,21,완료,N,AG06
CON0478,C176,2024-11-05,채팅,장애신고,10,완료,N,AG12
CON0479,C177,2024-08-31,전화,기타,20,완료,N,AG19
CON0480,C177,2024-02-07,채팅,명의변경,4,완료,N,AG16
CON0481,C178,2024-10-25,이메일,부가서비스,,완료,N,AG02
CON0482,C178,2024-12-28,이메일,요금문의,,완료,Y,AG12
CON0483,C178,2024-06-29,채팅,명의변경,7,완료,Y,AG15
CON0484,C178,2024-02-17,전화,명의변경,18,재문의,N,AG03
CON0485,C179,2024-07-02,앱,해지문의,0,재문의,N,AG01
CON0486,C179,2024-06-08,채팅,부가서비스,3,재문의,N,AG13
CON0487,C179,2024-10-19,채팅,명의변경,9,완료,N,AG05
CON0488,C180,2024-09-16,이메일,요금문의,,미해결,N,AG10
CON0489,C181,2024-03-30,전화,해지문의,20,완료,N,AG19
CON0490,C181,2024-06-22,이메일,장애신고,,완료,Y,AG11
CON0491,C181,2024-09-16,전화,장애신고,16,완료,N,AG03
CON0492,C181,2024-05-25,채팅,요금문의,3,완료,N,AG03
CON0493,C182,2024-01-23,채팅,장애신고,7,미해결,N,AG16
CON0494,C183,2024-04-29,이메일,장애신고,,완료,N,AG20
CON0495,C183,2024-03-14,채팅,요금문의,5,완료,N,AG11
CON0496,C183,2024-10-01,전화,요금문의,19,재문의,N,AG15
CON0497,C183,2024-01-06,이메일,해지문의,,완료,N,AG02
CON0498,C184,2024-09-27,이메일,해지문의,,재문의,N,AG10
CON0499,C184,2024-12-09,전화,기타,21,미해결,N,AG18
CON0500,C184,2024-08-25,전화,요금문의,30,완료,N,AG08
CON0501,C184,2024-03-06,앱,해지문의,6,완료,N,AG16
CON0502,C185,2024-01-16,전화,해지문의,18,미해결,N,AG20
CON0503,C185,2024-07-12,전화,명의변경,22,완료,N,AG11
CON0504,C186,2024-12-14,전화,장애신고,28,재문의,N,AG09
CON0505,C186,2024-12-07,이메일,해지문의,,미해결,N,AG11
CON0506,C186,2024-04-27,전화,요금문의,12,완료,N,AG09
CON0507,C186,2024-05-03,전화,기타,10,완료,N,AG14
CON0508,C187,2024-07-13,앱,장애신고,3,완료,N,AG15
CON0509,C187,2024-10-24,전화,부가서비스,18,완료,N,AG10
CON0510,C188,2024-05-12,전화,요금문의,20,완료,N,AG09
CON0511,C188,2024-02-05,채팅,요금문의,8,완료,N,AG16
CON0512,C188,2024-07-21,전화,장애신고,3,미해결,Y,AG06
CON0513,C188,2024-03-18,전화,요금문의,32,미해결,N,AG20
CON0514,C189,2024-06-23,채팅,명의변경,8,완료,N,AG12
CON0515,C189,2024-12-05,이메일,해지문의,,미해결,N,AG20
CON0516,C190,2024-12-30,전화,요금문의,19,재문의,N,AG01
CON0517,C190,2024-03-22,채팅,부가서비스,5,미해결,N,AG08
CON0518,C191,2024-07-01,이메일,해지문의,,미해결,Y,AG20
CON0519,C191,2024-01-04,이메일,명의변경,,미해결,Y,AG11
CON0520,C191,2024-02-10,이메일,해지문의,,완료,N,AG20
CON0521,C191,2024-08-16,전화,요금문의,32,완료,N,AG16
CON0522,C192,2024-03-25,전화,명의변경,22,완료,N,AG10
CON0523,C192,2024-12-28,채팅,장애신고,5,미해결,Y,AG19
CON0524,C192,2024-11-04,채팅,요금문의,0,완료,N,AG10
CON0525,C192,2024-11-14,이메일,해지문의,,재문의,N,AG13
CON0526,C193,2024-09-22,채팅,기타,9,완료,N,AG17
CON0527,C193,2024-01-05,채팅,장애신고,9,미해결,N,AG04
CON0528,C195,2024-05-18,채팅,부가서비스,6,미해결,Y,AG12
CON0529,C195,2024-12-24,전화,해지문의,24,완료,Y,AG13
CON0530,C195,2024-03-23,전화,해지문의,14,재문의,N,AG02
CON0531,C196,2024-07-29,채팅,요금문의,4,미해결,N,AG19
CON0532,C196,2024-10-08,이메일,부가서비스,,완료,Y,AG08
CON0533,C196,2024-05-26,채팅,해지문의,11,완료,Y,AG12
CON0534,C196,2024-02-15,채팅,요금문의,8,완료,N,AG14
CON0535,C197,2024-02-07,채팅,요금문의,8,완료,Y,AG04
CON0536,C197,2024-07-20,채팅,해지문의,12,미해결,N,AG08
CON0537,C198,2024-10-25,앱,요금문의,8,완료,N,AG16
CON0538,C198,2024-03-08,채팅,요금문의,5,완료,N,AG14
CON0539,C199,2024-01-27,채팅,요금문의,12,미해결,N,AG20
CON0540,C199,2024-02-09,채팅,장애신고,4,완료,Y,AG04
CON0541,C201,2024-03-15,전화,해지문의,25,완료,N,AG08
CON0542,C201,2024-05-17,채팅,해지문의,7,완료,N,AG08
CON0543,C201,2024-06-21,전화,요금문의,10,완료,N,AG04
CON0544,C201,2024-10-30,전화,장애신고,7,완료,N,AG01
CON0545,C202,2024-02-23,전화,기타,9,완료,N,AG15
CON0546,C202,2024-05-07,전화,요금문의,24,완료,N,AG09
CON0547,C203,2024-07-22,앱,부가서비스,6,완료,Y,AG14
CON0548,C203,2024-02-14,전화,해지문의,23,완료,N,AG11
CON0549,C204,2024-12-13,이메일,기타,,완료,N,AG13
CON0550,C204,2024-10-02,전화,요금문의,11,완료,N,AG04
CON0551,C204,2024-09-08,채팅,장애신고,8,재문의,N,AG13
CON0552,C204,2024-07-06,채팅,명의변경,2,완료,N,AG13
CON0553,C205,2024-04-23,전화,해지문의,14,완료,N,AG17
CON0554,C206,2024-07-30,전화,기타,26,재문의,N,AG09
CON0555,C207,2024-09-15,전화,장애신고,13,완료,Y,AG10
CON0556,C207,2024-09-13,전화,기타,13,완료,Y,AG06
CON0557,C207,2024-09-11,전화,요금문의,11,미해결,N,AG06
CON0558,C207,2024-09-20,전화,부가서비스,21,완료,N,AG04
CON0559,C207,2024-09-02,채팅,해지문의,10,미해결,N,AG17
CON0560,C208,2024-02-08,채팅,명의변경,14,완료,N,AG04
CON0561,C209,2024-06-02,채팅,요금문의,14,완료,Y,AG02
CON0562,C209,2024-09-09,이메일,요금문의,,완료,N,AG09
CON0563,C209,2024-06-05,앱,해지문의,6,완료,N,AG10
CON0564,C209,2024-09-05,전화,요금문의,10,완료,N,AG11
CON0565,C210,2024-03-17,전화,기타,21,미해결,Y,AG13
CON0566,C210,2024-06-03,전화,기타,22,재문의,N,AG02
CON0567,C211,2024-01-11,전화,명의변경,10,완료,N,AG05
CON0568,C211,2024-08-22,전화,장애신고,13,완료,N,AG13
CON0569,C212,2024-10-29,이메일,기타,,완료,N,AG16
CON0570,C212,2024-12-29,앱,요금문의,7,완료,Y,AG12
CON0571,C212,2024-12-23,전화,기타,12,완료,Y,AG05
CON0572,C212,2024-07-08,채팅,명의변경,9,완료,N,AG03
CON0573,C213,2024-06-22,앱,해지문의,8,완료,Y,AG05
CON0574,C214,2024-08-25,이메일,명의변경,,완료,N,AG20
CON0575,C215,2024-12-28,이메일,기타,,완료,Y,AG07
CON0576,C215,2024-11-15,전화,부가서비스,14,완료,Y,AG01
CON0577,C216,2024-02-08,채팅,기타,7,완료,N,AG01
CON0578,C216,2024-01-17,채팅,장애신고,7,완료,N,AG17
CON0579,C217,2024-04-29,채팅,명의변경,5,완료,Y,AG13
CON0580,C217,2024-12-01,전화,기타,16,완료,N,AG13
CON0581,C217,2024-03-21,전화,해지문의,19,미해결,Y,AG11
CON0582,C218,2024-04-14,이메일,명의변경,,완료,N,AG13
CON0583,C218,2024-11-16,전화,해지문의,6,완료,N,AG13
CON0584,C218,2024-05-19,전화,장애신고,22,완료,N,AG17
CON0585,C218,2024-12-09,전화,명의변경,27,완료,N,AG13
CON0586,C219,2024-08-14,앱,부가서비스,4,완료,Y,AG17
CON0587,C219,2024-02-13,전화,요금문의,22,완료,N,AG11
CON0588,C219,2024-06-21,앱,장애신고,4,완료,N,AG03
CON0589,C220,2024-05-26,전화,명의변경,19,재문의,N,AG09
CON0590,C220,2024-10-14,이메일,장애신고,,재문의,Y,AG16
CON0591,C220,2024-04-15,채팅,요금문의,9,완료,Y,AG04
CON0592,C220,2024-05-12,채팅,해지문의,11,미해결,N,AG03
CON0593,C221,2024-02-17,전화,기타,27,완료,N,AG04
CON0594,C221,2024-01-17,채팅,장애신고,4,미해결,N,AG03
CON0595,C221,2024-03-11,전화,명의변경,19,완료,N,AG06
CON0596,C222,2024-07-06,전화,요금문의,23,재문의,N,AG07
CON0597,C222,2024-06-04,전화,장애신고,17,완료,N,AG02
CON0598,C222,2024-06-11,채팅,요금문의,9,미해결,Y,AG20
CON0599,C222,2024-06-23,채팅,해지문의,9,완료,N,AG14
CON0600,C222,2024-05-24,채팅,요금문의,8,재문의,Y,AG06
CON0601,C222,2024-07-04,전화,요금문의,21,완료,N,AG13
CON0602,C222,2024-06-17,전화,해지문의,33,완료,N,AG14
CON0603,C222,2024-06-26,채팅,해지문의,7,완료,Y,AG12
CON0604,C223,2024-01-23,전화,요금문의,15,완료,N,AG18
CON0605,C223,2024-11-08,앱,장애신고,4,미해결,N,AG12
CON0606,C223,2024-12-22,전화,해지문의,18,완료,N,AG02
CON0607,C223,2024-12-19,전화,요금문의,17,완료,Y,AG13
CON0608,C224,2024-09-24,전화,부가서비스,8,완료,N,AG11
CON0609,C224,2024-10-16,이메일,해지문의,,완료,N,AG02
CON0610,C224,2024-10-05,전화,명의변경,17,완료,N,AG02
CON0611,C224,2024-09-21,앱,장애신고,10,완료,N,AG16
CON0612,C224,2024-09-23,전화,명의변경,15,완료,N,AG01
CON0613,C225,2024-10-24,채팅,해지문의,4,완료,Y,AG20
CON0614,C225,2024-11-20,채팅,요금문의,5,완료,Y,AG02
CON0615,C225,2024-11-03,전화,명의변경,18,완료,Y,AG16
CON0616,C225,2024-10-09,채팅,해지문의,9,재문의,Y,AG02
CON0617,C225,2024-10-15,채팅,해지문의,5,미해결,Y,AG01
CON0618,C225,2024-10-09,전화,요금문의,15,미해결,N,AG11
CON0619,C226,2024-06-11,전화,장애신고,22,완료,N,AG10
CON0620,C226,2024-04-04,채팅,명의변경,3,미해결,N,AG14
CON0621,C227,2024-10-23,채팅,요금문의,3,완료,N,AG13
CON0622,C228,2024-09-28,이메일,부가서비스,,미해결,Y,AG13
CON0623,C228,2024-09-01,전화,해지문의,21,완료,N,AG09
CON0624,C228,2024-10-09,이메일,해지문의,,미해결,N,AG06
CON0625,C228,2024-09-23,채팅,기타,6,완료,N,AG03
CON0626,C228,2024-09-11,전화,요금문의,21,재문의,Y,AG05
CON0627,C229,2024-11-18,채팅,장애신고,11,완료,N,AG12
CON0628,C229,2024-10-01,전화,요금문의,28,미해결,N,AG04
CON0629,C229,2024-11-14,전화,기타,19,완료,N,AG13
CON0630,C229,2024-10-29,전화,장애신고,17,재문의,N,AG10
CON0631,C229,2024-10-16,이메일,명의변경,,미해결,Y,AG17
CON0632,C231,2024-06-03,이메일,기타,,미해결,Y,AG13
CON0633,C231,2024-04-16,채팅,장애신고,1,완료,N,AG03
CON0634,C232,2024-09-04,앱,부가서비스,6,완료,N,AG12
CON0635,C232,2024-08-27,전화,기타,13,완료,N,AG07
CON0636,C233,2024-07-26,채팅,장애신고,4,완료,N,AG14
CON0637,C233,2024-12-20,전화,요금문의,12,재문의,N,AG15
CON0638,C233,2024-08-14,전화,해지문의,13,완료,N,AG19
CON0639,C233,2024-05-25,채팅,명의변경,14,완료,N,AG18
CON0640,C234,2024-01-12,전화,기타,14,완료,Y,AG08
CON0641,C234,2024-06-07,채팅,명의변경,8,완료,N,AG20
CON0642,C235,2024-07-25,전화,요금문의,25,완료,N,AG05
CON0643,C235,2024-09-20,이메일,해지문의,,완료,Y,AG05
CON0644,C235,2024-07-05,전화,요금문의,19,완료,N,AG12
CON0645,C235,2024-09-14,전화,요금문의,3,완료,N,AG11
CON0646,C236,2024-03-21,전화,장애신고,15,완료,N,AG14
CON0647,C236,2024-04-15,전화,장애신고,13,완료,N,AG01
CON0648,C236,2024-01-01,전화,기타,12,완료,N,AG03
CON0649,C237,2024-08-02,전화,기타,19,완료,N,AG02
CON0650,C237,2024-03-09,전화,기타,8,미해결,N,AG12
CON0651,C237,2024-01-04,이메일,장애신고,,완료,Y,AG14
CON0652,C239,2024-05-21,이메일,부가서비스,,완료,Y,AG08
CON0653,C240,2024-02-03,채팅,명의변경,6,완료,N,AG19
CON0654,C240,2024-04-10,이메일,장애신고,,완료,N,AG14
CON0655,C240,2024-07-27,전화,부가서비스,21,완료,N,AG13
CON0656,C240,2024-06-22,앱,요금문의,6,재문의,N,AG09
CON0657,C241,2024-06-19,전화,해지문의,19,재문의,N,AG07
CON0658,C242,2024-12-18,앱,부가서비스,4,완료,N,AG10
CON0659,C242,2024-04-18,전화,요금문의,24,완료,N,AG15
CON0660,C242,2024-08-14,채팅,부가서비스,10,완료,N,AG16
CON0661,C243,2024-12-09,앱,명의변경,6,완료,Y,AG04
CON0662,C243,2024-11-24,채팅,기타,10,완료,Y,AG09
CON0663,C244,2024-08-12,앱,기타,6,미해결,N,AG06
CON0664,C244,2024-11-30,전화,요금문의,18,완료,N,AG14
CON0665,C244,2024-02-29,전화,해지문의,13,완료,N,AG07
CON0666,C245,2024-02-13,이메일,장애신고,,미해결,N,AG06
CON0667,C245,2024-08-27,전화,부가서비스,22,완료,Y,AG02
CON0668,C245,2024-03-27,전화,해지문의,11,완료,N,AG17
CON0669,C246,2024-10-13,전화,장애신고,21,완료,N,AG17
CON0670,C246,2024-06-02,전화,명의변경,17,완료,N,AG11
CON0671,C246,2024-08-06,채팅,장애신고,9,완료,N,AG16
CON0672,C247,2024-02-12,채팅,장애신고,7,완료,N,AG12
CON0673,C247,2024-01-20,채팅,장애신고,15,완료,N,AG19
CON0674,C247,2024-03-12,채팅,요금문의,3,완료,Y,AG01
CON0675,C247,2024-09-11,전화,부가서비스,19,완료,N,AG08
CON0676,C248,2024-07-22,전화,기타,22,완료,N,AG03
CON0677,C248,2024-10-15,채팅,명의변경,2,완료,N,AG08
CON0678,C248,2024-09-11,이메일,장애신고,,완료,Y,AG05
CON0679,C248,2024-09-10,전화,요금문의,20,미해결,Y,AG12
CON0680,C249,2024-05-04,전화,요금문의,20,완료,N,AG03
CON0681,C249,2024-01-26,앱,해지문의,9,완료,N,AG16
CON0682,C249,2024-08-09,채팅,요금문의,11,완료,Y,AG09
CON0683,C250,2024-02-24,앱,요금문의,7,완료,Y,AG14
CON0684,C250,2024-01-31,채팅,요금문의,7,완료,N,AG13
CON0685,C250,2024-10-06,전화,부가서비스,19,완료,N,AG09
CON0686,C251,2024-11-20,채팅,기타,12,미해결,Y,AG03
CON0687,C251,2024-11-27,채팅,요금문의,11,완료,N,AG15
CON0688,C251,2024-11-02,전화,해지문의,8,완료,N,AG03
CON0689,C251,2024-10-23,채팅,장애신고,13,완료,N,AG17
CON0690,C251,2024-11-08,채팅,요금문의,13,재문의,N,AG07
CON0691,C251,2024-11-25,이메일,해지문의,,완료,Y,AG10
CON0692,C252,2024-10-10,채팅,기타,8,재문의,N,AG04
CON0693,C252,2024-03-03,이메일,해지문의,,완료,Y,AG08
CON0694,C252,2024-06-01,채팅,해지문의,8,완료,N,AG05
CON0695,C253,2024-02-10,이메일,장애신고,,재문의,N,AG11
CON0696,C253,2024-09-08,전화,기타,20,완료,N,AG14
CON0697,C253,2024-08-30,채팅,기타,11,미해결,Y,AG02
CON0698,C254,2024-05-05,전화,장애신고,18,완료,N,AG16
CON0699,C254,2024-12-25,채팅,요금문의,4,완료,N,AG15
CON0700,C254,2024-02-23,채팅,해지문의,9,완료,Y,AG20
CON0701,C255,2024-05-23,채팅,해지문의,2,완료,N,AG10
CON0702,C255,2024-07-16,전화,장애신고,22,완료,N,AG03
CON0703,C255,2024-05-30,전화,해지문의,18,완료,Y,AG17
CON0704,C255,2024-01-03,전화,명의변경,27,완료,N,AG16
CON0705,C256,2024-12-18,전화,해지문의,19,완료,N,AG08
CON0706,C256,2024-07-01,채팅,장애신고,6,완료,N,AG04
CON0707,C256,2024-01-24,이메일,요금문의,,완료,N,AG04
CON0708,C256,2024-07-09,전화,기타,15,완료,N,AG13
CON0709,C257,2024-07-04,채팅,요금문의,9,재문의,N,AG20
CON0710,C257,2024-10-25,채팅,명의변경,11,완료,Y,AG16
CON0711,C258,2024-08-26,전화,요금문의,11,완료,N,AG15
CON0712,C259,2024-08-13,이메일,요금문의,,완료,Y,AG20
CON0713,C259,2024-12-20,전화,기타,21,완료,Y,AG09
CON0714,C259,2024-01-22,앱,요금문의,4,미해결,N,AG11
CON0715,C260,2024-02-03,전화,기타,27,완료,N,AG08
CON0716,C261,2024-06-10,채팅,장애신고,3,미해결,N,AG20
CON0717,C261,2024-12-17,전화,장애신고,18,재문의,N,AG04
CON0718,C262,2024-02-04,전화,기타,20,완료,N,AG04
CON0719,C262,2024-07-28,전화,요금문의,16,재문의,Y,AG04
CON0720,C263,2024-10-16,전화,장애신고,13,완료,N,AG08
CON0721,C264,2024-01-03,전화,장애신고,21,완료,N,AG20
CON0722,C265,2024-08-22,전화,요금문의,8,완료,N,AG13
CON0723,C265,2024-02-24,전화,장애신고,13,완료,N,AG06
CON0724,C266,2024-12-24,전화,장애신고,4,완료,N,AG13
CON0725,C267,2024-10-15,채팅,명의변경,10,완료,N,AG08
CON0726,C268,2024-02-18,앱,기타,4,재문의,N,AG05
CON0727,C268,2024-11-24,채팅,요금문의,6,완료,Y,AG02
CON0728,C268,2024-10-18,전화,장애신고,14,완료,Y,AG16
CON0729,C268,2024-09-29,채팅,부가서비스,7,완료,N,AG08
CON0730,C269,2024-12-23,앱,요금문의,9,완료,Y,AG17
CON0731,C269,2024-04-16,전화,요금문의,22,완료,N,AG09
CON0732,C269,2024-10-31,전화,해지문의,21,완료,N,AG09
CON0733,C269,2024-06-28,채팅,요금문의,8,완료,Y,AG14
CON0734,C270,2024-02-06,전화,요금문의,18,재문의,N,AG08
CON0735,C270,2024-06-06,전화,명의변경,10,완료,N,AG04
CON0736,C270,2024-08-28,전화,명의변경,22,완료,N,AG14
CON0737,C271,2024-08-22,전화,장애신고,10,재문의,N,AG15
CON0738,C271,2024-12-09,앱,장애신고,8,미해결,N,AG16
CON0739,C271,2024-04-05,전화,장애신고,14,미해결,N,AG03
CON0740,C271,2024-10-25,채팅,기타,6,완료,N,AG16
CON0741,C272,2024-07-17,전화,해지문의,31,완료,N,AG14
CON0742,C272,2024-07-31,전화,요금문의,23,완료,N,AG05
CON0743,C272,2024-08-10,채팅,요금문의,11,완료,N,AG18
CON0744,C272,2024-08-03,앱,부가서비스,7,완료,N,AG19
CON0745,C273,2024-04-07,전화,기타,17,완료,N,AG05
CON0746,C273,2024-04-28,전화,요금문의,18,완료,Y,AG02
CON0747,C273,2024-08-21,이메일,해지문의,,미해결,Y,AG01
CON0748,C274,2024-06-18,앱,요금문의,8,미해결,N,AG18
CON0749,C274,2024-09-19,전화,해지문의,21,완료,N,AG07
CON0750,C274,2024-11-21,채팅,요금문의,6,완료,N,AG20
CON0751,C275,2024-06-22,이메일,해지문의,,완료,N,AG12
CON0752,C275,2024-06-07,이메일,장애신고,,미해결,N,AG18
CON0753,C275,2024-06-06,전화,요금문의,24,완료,N,AG20
CON0754,C275,2024-08-08,이메일,부가서비스,,완료,Y,AG17
CON0755,C276,2024-10-25,전화,해지문의,21,재문의,N,AG19
CON0756,C276,2024-10-27,전화,부가서비스,22,재문의,Y,AG11
CON0757,C276,2024-09-25,전화,장애신고,15,완료,N,AG17
CON0758,C276,2024-09-17,전화,기타,19,완료,N,AG07
CON0759,C276,2024-10-14,전화,해지문의,8,재문의,N,AG15
CON0760,C276,2024-09-13,전화,장애신고,18,완료,N,AG17
CON0761,C277,2024-05-25,전화,명의변경,23,재문의,N,AG12
CON0762,C277,2024-07-22,전화,요금문의,27,미해결,N,AG17
CON0763,C277,2024-02-15,이메일,장애신고,,완료,N,AG08
CON0764,C277,2024-11-23,이메일,해지문의,,미해결,Y,AG16
CON0765,C278,2024-09-15,채팅,해지문의,7,완료,N,AG04
CON0766,C278,2024-08-06,앱,요금문의,11,완료,N,AG13
CON0767,C278,2024-09-19,전화,부가서비스,17,완료,Y,AG15
CON0768,C278,2024-08-24,전화,기타,22,완료,N,AG08
CON0769,C278,2024-09-16,전화,해지문의,8,완료,N,AG15
CON0770,C278,2024-08-28,채팅,부가서비스,6,완료,N,AG04
CON0771,C278,2024-09-06,이메일,해지문의,,미해결,N,AG02
CON0772,C279,2024-06-01,채팅,요금문의,8,완료,N,AG07
CON0773,C280,2024-07-10,전화,부가서비스,21,재문의,N,AG11
CON0774,C280,2024-06-27,전화,요금문의,10,완료,N,AG10
CON0775,C280,2024-07-16,채팅,해지문의,11,미해결,N,AG19
CON0776,C280,2024-07-21,전화,요금문의,19,재문의,N,AG03
CON0777,C280,2024-07-12,이메일,장애신고,,완료,Y,AG09
CON0778,C280,2024-07-02,전화,해지문의,19,완료,N,AG13
CON0779,C281,2024-01-30,채팅,명의변경,8,미해결,Y,AG14
CON0780,C281,2024-10-27,채팅,해지문의,10,완료,N,AG06
CON0781,C281,2024-09-25,채팅,요금문의,10,미해결,N,AG08
CON0782,C282,2024-01-02,전화,해지문의,12,재문의,N,AG06
CON0783,C282,2024-12-03,전화,요금문의,8,미해결,N,AG19
CON0784,C282,2024-06-27,전화,요금문의,24,재문의,Y,AG04
CON0785,C283,2024-08-16,이메일,장애신고,,미해결,N,AG11
CON0786,C283,2024-10-19,이메일,장애신고,,완료,N,AG05
CON0787,C283,2024-08-12,채팅,장애신고,9,완료,N,AG05
CON0788,C284,2024-06-09,앱,장애신고,5,완료,N,AG05
CON0789,C284,2024-12-09,채팅,장애신고,3,완료,N,AG18
CON0790,C284,2024-01-28,전화,요금문의,12,완료,N,AG18
CON0791,C284,2024-07-25,전화,장애신고,28,완료,N,AG09
CON0792,C285,2024-04-14,채팅,요금문의,7,미해결,Y,AG11
CON0793,C285,2024-06-09,이메일,부가서비스,,완료,N,AG13
CON0794,C285,2024-11-18,전화,요금문의,11,완료,N,AG09
CON0795,C286,2024-08-22,채팅,해지문의,9,완료,N,AG19
CON0796,C286,2024-04-07,이메일,해지문의,,미해결,N,AG03
CON0797,C286,2024-03-04,채팅,해지문의,9,재문의,Y,AG07
CON0798,C287,2024-06-18,앱,기타,7,미해결,N,AG03
CON0799,C288,2024-06-03,채팅,해지문의,7,완료,N,AG12
CON0800,C289,2024-07-10,이메일,요금문의,,미해결,N,AG01
CON0801,C289,2024-03-27,전화,요금문의,18,완료,N,AG16
CON0802,C289,2024-10-04,전화,부가서비스,24,완료,N,AG14
CON0803,C289,2024-09-12,이메일,장애신고,,미해결,N,AG06
CON0804,C290,2024-12-13,전화,부가서비스,21,완료,N,AG17
CON0805,C290,2024-09-28,채팅,장애신고,8,완료,N,AG15
CON0806,C290,2024-07-27,앱,장애신고,2,완료,Y,AG05
CON0807,C291,2024-04-29,이메일,기타,,완료,N,AG06
CON0808,C291,2024-07-28,채팅,요금문의,8,완료,N,AG13
CON0809,C291,2024-11-27,채팅,명의변경,11,미해결,N,AG16
CON0810,C291,2024-05-14,전화,요금문의,25,완료,N,AG10
CON0811,C292,2024-05-16,전화,기타,10,완료,N,AG07
CON0812,C292,2024-10-17,전화,요금문의,14,완료,N,AG05
CON0813,C292,2024-04-08,전화,부가서비스,20,완료,N,AG06
CON0814,C293,2024-04-25,전화,요금문의,21,완료,N,AG01
CON0815,C293,2024-03-13,전화,장애신고,14,재문의,N,AG12
CON0816,C294,2024-04-08,이메일,요금문의,,완료,N,AG07
CON0817,C294,2024-04-04,채팅,요금문의,4,미해결,N,AG18
CON0818,C294,2024-03-07,전화,해지문의,27,완료,N,AG08
CON0819,C295,2024-07-12,전화,장애신고,18,완료,N,AG20
CON0820,C295,2024-07-20,전화,해지문의,11,완료,N,AG01
CON0821,C295,2024-07-26,채팅,해지문의,4,완료,N,AG19
CON0822,C295,2024-07-16,전화,해지문의,19,완료,N,AG14
CON0823,C295,2024-07-15,앱,해지문의,7,재문의,N,AG02
CON0824,C296,2024-04-19,채팅,명의변경,13,완료,N,AG03
CON0825,C297,2024-09-15,전화,부가서비스,23,완료,N,AG20
CON0826,C297,2024-05-01,채팅,요금문의,9,완료,N,AG06
CON0827,C298,2024-03-05,전화,해지문의,19,완료,N,AG10
CON0828,C299,2024-11-15,전화,부가서비스,13,완료,N,AG10
CON0829,C299,2024-03-11,채팅,해지문의,5,재문의,Y,AG01
CON0830,C299,2024-10-13,채팅,기타,6,미해결,N,AG13
CON0831,C300,2024-07-30,전화,장애신고,29,재문의,N,AG19
CON0832,C300,2024-11-23,앱,해지문의,3,완료,N,AG18
CON0833,C300,2024-04-17,전화,요금문의,23,완료,N,AG01
CON0834,C300,2024-01-19,이메일,해지문의,,미해결,N,AG10
CON0835,C301,2024-07-27,전화,해지문의,5,완료,N,AG14
CON0836,C301,2024-10-27,전화,장애신고,15,완료,N,AG15
CON0837,C302,2024-04-03,채팅,장애신고,4,완료,N,AG05
CON0838,C302,2024-03-08,채팅,요금문의,8,재문의,N,AG08
CON0839,C302,2024-08-01,채팅,요금문의,4,완료,Y,AG07
CON0840,C302,2024-09-03,전화,요금문의,13,완료,N,AG07
CON0841,C303,2024-09-23,채팅,요금문의,12,미해결,N,AG19
CON0842,C303,2024-12-29,앱,요금문의,8,완료,N,AG15
CON0843,C303,2024-02-29,이메일,요금문의,,미해결,N,AG19
CON0844,C304,2024-02-15,채팅,해지문의,4,완료,Y,AG06
CON0845,C305,2024-11-15,전화,요금문의,10,완료,N,AG16
CON0846,C305,2024-07-17,채팅,해지문의,10,완료,N,AG05
CON0847,C306,2024-05-19,이메일,해지문의,,완료,Y,AG01
CON0848,C306,2024-01-16,전화,해지문의,13,완료,N,AG09
CON0849,C306,2024-08-27,전화,부가서비스,17,완료,N,AG14
CON0850,C307,2024-08-27,앱,부가서비스,9,완료,N,AG11
CON0851,C308,2024-03-11,채팅,기타,9,재문의,Y,AG13
CON0852,C308,2024-02-12,채팅,해지문의,5,완료,Y,AG02
CON0853,C309,2024-08-24,채팅,장애신고,10,완료,Y,AG07
CON0854,C309,2024-09-10,전화,요금문의,9,완료,N,AG02
CON0855,C309,2024-08-19,전화,해지문의,32,완료,N,AG11
CON0856,C309,2024-08-28,전화,장애신고,10,재문의,N,AG18
CON0857,C309,2024-08-17,전화,해지문의,16,완료,N,AG06
CON0858,C310,2024-04-20,전화,기타,12,재문의,N,AG08
CON0859,C311,2024-06-11,채팅,장애신고,10,완료,N,AG08
CON0860,C311,2024-12-08,채팅,명의변경,10,완료,N,AG18
CON0861,C311,2024-01-07,채팅,요금문의,6,미해결,Y,AG02
CON0862,C313,2024-06-03,전화,요금문의,13,완료,N,AG15
CON0863,C313,2024-10-12,전화,해지문의,24,완료,N,AG08
CON0864,C314,2024-07-31,전화,해지문의,20,완료,N,AG17
CON0865,C314,2024-02-04,전화,부가서비스,25,완료,N,AG07
CON0866,C314,2024-10-18,전화,해지문의,23,완료,N,AG05
CON0867,C315,2024-01-29,전화,해지문의,28,완료,N,AG01
CON0868,C315,2024-11-19,전화,요금문의,19,완료,N,AG01
CON0869,C315,2024-02-26,이메일,요금문의,,완료,Y,AG06
CON0870,C316,2024-06-16,전화,요금문의,22,재문의,N,AG13
CON0871,C316,2024-10-02,이메일,부가서비스,,미해결,N,AG08
CON0872,C316,2024-09-11,채팅,요금문의,9,완료,N,AG05
CON0873,C317,2024-05-24,전화,해지문의,6,완료,N,AG01
CON0874,C317,2024-06-18,채팅,명의변경,7,미해결,N,AG11
CON0875,C318,2024-10-18,전화,요금문의,22,완료,N,AG05
CON0876,C318,2024-04-29,전화,해지문의,15,완료,N,AG16
CON0877,C318,2024-04-08,전화,요금문의,4,완료,N,AG01
CON0878,C319,2024-12-27,전화,기타,18,완료,N,AG04
CON0879,C320,2024-02-16,채팅,해지문의,9,완료,N,AG13
CON0880,C320,2024-08-16,채팅,해지문의,13,완료,N,AG18
CON0881,C320,2024-05-04,앱,장애신고,4,완료,N,AG20
CON0882,C321,2024-09-18,채팅,기타,8,완료,N,AG01
CON0883,C322,2024-10-14,전화,요금문의,21,완료,N,AG01
CON0884,C322,2024-10-17,채팅,해지문의,12,미해결,Y,AG02
CON0885,C322,2024-01-17,채팅,부가서비스,7,완료,Y,AG17
CON0886,C323,2024-10-21,전화,해지문의,12,완료,N,AG03
CON0887,C324,2024-08-10,앱,해지문의,7,완료,N,AG04
CON0888,C324,2024-04-30,전화,해지문의,30,완료,N,AG14
CON0889,C325,2024-07-19,이메일,해지문의,,완료,Y,AG13
CON0890,C326,2024-11-13,전화,명의변경,26,완료,Y,AG16
CON0891,C326,2024-01-19,채팅,명의변경,9,완료,Y,AG14
CON0892,C326,2024-12-11,이메일,장애신고,,미해결,N,AG10
CON0893,C327,2024-12-22,전화,장애신고,12,완료,N,AG01
CON0894,C327,2024-05-02,전화,해지문의,27,미해결,N,AG18
CON0895,C328,2024-02-15,이메일,부가서비스,,완료,N,AG18
CON0896,C329,2024-08-22,채팅,장애신고,6,완료,N,AG19
CON0897,C329,2024-03-23,이메일,부가서비스,,완료,N,AG07
CON0898,C329,2024-01-25,채팅,해지문의,8,미해결,Y,AG01
CON0899,C330,2024-02-27,채팅,해지문의,11,미해결,N,AG08
CON0900,C331,2024-06-06,앱,장애신고,7,재문의,Y,AG11
CON0901,C331,2024-05-14,앱,장애신고,6,재문의,N,AG19
CON0902,C332,2024-07-27,채팅,요금문의,6,완료,N,AG08
CON0903,C332,2024-11-24,전화,해지문의,16,완료,N,AG01
CON0904,C332,2024-01-25,채팅,요금문의,12,완료,N,AG19
CON0905,C332,2024-09-19,전화,요금문의,7,완료,N,AG15
CON0906,C333,2024-12-11,앱,부가서비스,5,완료,N,AG06
CON0907,C333,2024-01-29,채팅,해지문의,11,완료,N,AG13
CON0908,C334,2024-07-10,이메일,해지문의,,완료,N,AG20
CON0909,C334,2024-10-25,채팅,명의변경,11,완료,N,AG05
CON0910,C335,2024-12-05,이메일,명의변경,,완료,Y,AG08
CON0911,C336,2024-06-10,채팅,장애신고,8,완료,Y,AG19
CON0912,C336,2024-08-07,앱,명의변경,4,완료,N,AG12
CON0913,C337,2024-04-04,전화,부가서비스,20,미해결,N,AG17
CON0914,C337,2024-01-21,전화,기타,18,완료,N,AG12
CON0915,C337,2024-09-28,전화,요금문의,27,완료,N,AG17
CON0916,C337,2024-04-24,전화,명의변경,25,완료,N,AG08
CON0917,C338,2024-09-16,전화,해지문의,18,완료,N,AG06
CON0918,C338,2024-07-07,전화,해지문의,22,완료,N,AG01
CON0919,C338,2024-02-08,이메일,해지문의,,미해결,N,AG13
CON0920,C339,2024-07-16,전화,요금문의,19,재문의,N,AG17
CON0921,C339,2024-10-31,전화,해지문의,18,재문의,N,AG08
CON0922,C339,2024-07-17,앱,부가서비스,10,완료,N,AG10
CON0923,C340,2024-04-08,전화,부가서비스,21,완료,N,AG11
CON0924,C340,2024-09-20,앱,해지문의,4,완료,N,AG02
CON0925,C341,2024-06-30,전화,명의변경,13,완료,N,AG13
CON0926,C342,2024-08-11,채팅,요금문의,15,완료,N,AG16
CON0927,C342,2024-05-25,앱,요금문의,4,완료,N,AG05
CON0928,C343,2024-08-18,앱,명의변경,5,미해결,Y,AG17
CON0929,C343,2024-01-03,전화,장애신고,20,완료,N,AG14
CON0930,C344,2024-10-22,채팅,해지문의,12,미해결,N,AG11
CON0931,C344,2024-09-30,전화,기타,20,완료,N,AG04
CON0932,C345,2024-02-08,채팅,장애신고,5,재문의,N,AG06
CON0933,C346,2024-09-15,채팅,부가서비스,9,완료,N,AG03
CON0934,C346,2024-08-07,이메일,요금문의,,완료,N,AG15
CON0935,C347,2024-03-30,채팅,부가서비스,9,미해결,N,AG08
CON0936,C347,2024-02-13,전화,요금문의,19,완료,N,AG01
CON0937,C347,2024-05-22,채팅,요금문의,9,미해결,N,AG08
CON0938,C347,2024-07-17,채팅,명의변경,7,완료,N,AG02
CON0939,C348,2024-09-21,채팅,요금문의,3,재문의,N,AG06
CON0940,C349,2024-07-14,채팅,요금문의,5,완료,N,AG06
CON0941,C349,2024-04-18,이메일,요금문의,,미해결,N,AG07
CON0942,C349,2024-01-14,전화,장애신고,22,완료,N,AG04
CON0943,C350,2024-06-20,채팅,장애신고,9,완료,N,AG04
CON0944,C350,2024-03-15,이메일,요금문의,,완료,Y,AG16
CON0945,C350,2024-01-30,이메일,명의변경,,미해결,N,AG18
CON0946,C350,2024-03-08,전화,해지문의,10,미해결,N,AG17
CON0947,C351,2024-12-28,전화,해지문의,29,완료,N,AG01
CON0948,C351,2024-08-31,전화,명의변경,18,재문의,N,AG10
CON0949,C351,2024-01-30,채팅,해지문의,9,재문의,N,AG06
CON0950,C351,2024-02-24,전화,장애신고,22,완료,N,AG16
CON0951,C352,2024-09-29,전화,해지문의,23,완료,N,AG10
CON0952,C352,2024-10-18,채팅,명의변경,8,완료,Y,AG02
CON0953,C352,2024-09-09,채팅,부가서비스,11,재문의,N,AG15
CON0954,C352,2024-10-05,전화,요금문의,18,완료,N,AG18
CON0955,C352,2024-09-12,전화,해지문의,23,완료,N,AG06
CON0956,C352,2024-10-16,이메일,요금문의,,완료,Y,AG01
CON0957,C353,2024-04-24,전화,명의변경,26,미해결,N,AG17
CON0958,C353,2024-02-08,채팅,장애신고,4,미해결,N,AG08
CON0959,C353,2024-07-01,전화,명의변경,19,재문의,Y,AG12
CON0960,C353,2024-11-06,채팅,해지문의,8,미해결,N,AG06
CON0961,C354,2024-06-25,채팅,장애신고,8,완료,N,AG08
CON0962,C354,2024-10-15,채팅,요금문의,6,완료,N,AG02
CON0963,C354,2024-07-29,전화,요금문의,11,완료,N,AG13
CON0964,C354,2024-04-28,전화,요금문의,18,완료,N,AG13
CON0965,C355,2024-04-19,이메일,요금문의,,미해결,N,AG20
CON0966,C355,2024-02-25,전화,요금문의,19,완료,N,AG03
CON0967,C355,2024-11-04,채팅,요금문의,8,완료,N,AG18
CON0968,C356,2024-05-27,전화,장애신고,21,완료,Y,AG02
CON0969,C356,2024-05-31,전화,기타,29,미해결,N,AG01
CON0970,C356,2024-03-29,채팅,장애신고,13,완료,Y,AG12
CON0971,C356,2024-04-28,전화,해지문의,23,완료,N,AG02
CON0972,C357,2024-05-18,채팅,해지문의,11,미해결,Y,AG09
CON0973,C357,2024-08-07,전화,장애신고,21,완료,N,AG16
CON0974,C358,2024-06-14,전화,부가서비스,21,미해결,N,AG05
CON0975,C359,2024-03-15,채팅,해지문의,13,완료,N,AG07
CON0976,C360,2024-06-12,전화,해지문의,18,완료,N,AG14
CON0977,C360,2024-09-04,전화,해지문의,15,재문의,N,AG13
CON0978,C362,2024-07-26,이메일,해지문의,,재문의,Y,AG20
CON0979,C363,2024-02-09,앱,요금문의,6,완료,N,AG05
CON0980,C363,2024-10-16,이메일,요금문의,,미해결,Y,AG16
CON0981,C363,2024-02-07,채팅,해지문의,10,완료,N,AG15
CON0982,C364,2024-12-02,앱,요금문의,7,미해결,Y,AG17
CON0983,C364,2024-06-10,이메일,해지문의,,완료,N,AG08
CON0984,C364,2024-04-25,채팅,해지문의,7,완료,N,AG15
CON0985,C365,2024-01-08,전화,장애신고,27,재문의,Y,AG05
CON0986,C365,2024-06-22,전화,명의변경,10,완료,N,AG16
CON0987,C366,2024-03-17,전화,해지문의,17,완료,N,AG10
CON0988,C367,2024-10-10,전화,장애신고,15,완료,N,AG04
CON0989,C368,2024-01-13,전화,요금문의,14,재문의,Y,AG07
CON0990,C368,2024-06-21,전화,장애신고,25,미해결,Y,AG10
CON0991,C368,2024-11-02,채팅,요금문의,5,재문의,N,AG17
CON0992,C369,2024-03-14,앱,장애신고,8,완료,N,AG10
CON0993,C369,2024-01-29,전화,장애신고,18,완료,N,AG20
CON0994,C369,2024-04-02,전화,부가서비스,11,완료,N,AG06
CON0995,C370,2024-03-15,채팅,해지문의,6,완료,N,AG13
CON0996,C370,2024-03-02,채팅,요금문의,5,미해결,N,AG03
CON0997,C371,2024-08-16,전화,요금문의,18,완료,N,AG04
CON0998,C371,2024-03-12,채팅,기타,6,미해결,N,AG15
CON0999,C371,2024-05-16,전화,요금문의,8,완료,Y,AG09
CON1000,C371,2024-12-05,채팅,명의변경,7,재문의,N,AG11
CON1001,C372,2024-02-14,채팅,요금문의,12,미해결,N,AG20
CON1002,C372,2024-04-17,채팅,장애신고,8,완료,N,AG19
CON1003,C373,2024-02-26,채팅,요금문의,6,미해결,Y,AG07
CON1004,C373,2024-06-12,전화,기타,17,완료,N,AG08
CON1005,C373,2024-08-17,전화,해지문의,27,완료,N,AG04
CON1006,C373,2024-10-29,채팅,해지문의,6,완료,N,AG01
CON1007,C374,2024-06-11,전화,요금문의,19,재문의,N,AG18
CON1008,C375,2024-07-04,전화,부가서비스,21,완료,N,AG15
CON1009,C375,2024-07-26,이메일,요금문의,,미해결,Y,AG03
CON1010,C376,2024-12-16,채팅,기타,9,완료,Y,AG17
CON1011,C376,2024-02-02,앱,요금문의,9,완료,N,AG09
CON1012,C376,2024-05-04,전화,기타,15,완료,N,AG11
CON1013,C376,2024-04-18,채팅,기타,9,완료,N,AG05
CON1014,C377,2024-05-05,채팅,요금문의,7,완료,Y,AG07
CON1015,C377,2024-08-13,이메일,기타,,미해결,N,AG07
CON1016,C377,2024-11-08,채팅,해지문의,11,완료,N,AG14
CON1017,C377,2024-12-30,전화,장애신고,13,완료,N,AG01
CON1018,C378,2024-10-14,이메일,장애신고,,미해결,N,AG04
CON1019,C379,2024-05-30,전화,요금문의,17,재문의,N,AG05
CON1020,C380,2024-08-11,전화,해지문의,21,완료,N,AG02
CON1021,C380,2024-04-04,전화,기타,11,완료,N,AG02
CON1022,C381,2024-02-18,전화,해지문의,4,완료,N,AG17
CON1023,C382,2024-01-04,전화,장애신고,22,재문의,N,AG08
CON1024,C382,2024-09-29,채팅,해지문의,12,미해결,Y,AG01
CON1025,C382,2024-06-04,채팅,요금문의,8,완료,Y,AG16
CON1026,C383,2024-09-09,전화,명의변경,16,완료,N,AG18
CON1027,C383,2024-03-27,전화,기타,19,완료,N,AG14
CON1028,C383,2024-03-27,전화,요금문의,24,완료,N,AG06
CON1029,C384,2024-10-20,채팅,해지문의,9,완료,N,AG06
CON1030,C384,2024-10-03,전화,요금문의,21,완료,N,AG04
CON1031,C384,2024-10-05,채팅,장애신고,5,완료,N,AG17
CON1032,C384,2024-10-04,전화,해지문의,13,완료,N,AG07
CON1033,C385,2024-08-06,이메일,요금문의,,미해결,N,AG08
CON1034,C386,2024-10-14,앱,기타,5,완료,Y,AG08
CON1035,C386,2024-11-05,전화,요금문의,22,완료,Y,AG16
CON1036,C386,2024-10-02,전화,요금문의,22,완료,N,AG08
CON1037,C386,2024-11-25,전화,부가서비스,27,완료,N,AG18
CON1038,C387,2024-03-11,전화,부가서비스,7,완료,N,AG11
CON1039,C388,2024-10-16,전화,해지문의,17,완료,N,AG11
CON1040,C389,2024-03-30,채팅,해지문의,6,미해결,Y,AG08
CON1041,C390,2024-04-25,전화,기타,21,완료,N,AG15
CON1042,C390,2024-09-18,채팅,요금문의,4,재문의,N,AG01
CON1043,C391,2024-08-04,앱,해지문의,9,재문의,Y,AG12
CON1044,C391,2024-07-12,이메일,장애신고,,완료,Y,AG11
CON1045,C391,2024-07-01,채팅,요금문의,7,미해결,Y,AG12
CON1046,C392,2024-01-17,전화,요금문의,17,완료,N,AG17
CON1047,C393,2024-12-16,채팅,부가서비스,10,재문의,N,AG20
CON1048,C394,2024-01-12,전화,기타,14,미해결,Y,AG15
CON1049,C395,2024-11-22,전화,해지문의,23,완료,N,AG08
CON1050,C395,2024-02-08,앱,해지문의,5,완료,N,AG04
CON1051,C397,2024-03-14,전화,명의변경,11,재문의,N,AG17
CON1052,C397,2024-10-16,전화,요금문의,25,완료,Y,AG18
CON1053,C397,2024-11-26,전화,요금문의,13,완료,N,AG04
CON1054,C397,2024-09-25,전화,기타,16,재문의,N,AG17
CON1055,C398,2024-03-10,이메일,해지문의,,미해결,N,AG11
CON1056,C398,2024-12-16,전화,장애신고,17,미해결,N,AG15
CON1057,C399,2024-07-27,전화,장애신고,14,재문의,N,AG05
CON1058,C399,2024-10-14,앱,장애신고,5,완료,N,AG02
CON1059,C399,2024-11-05,이메일,해지문의,,미해결,N,AG03
CON1060,C399,2024-10-03,채팅,장애신고,0,재문의,Y,AG17
CON1061,C400,2024-03-20,전화,해지문의,16,재문의,N,AG03
CON1062,C401,2024-06-26,전화,명의변경,24,미해결,N,AG05
CON1063,C403,2024-02-12,전화,부가서비스,22,완료,N,AG15
CON1064,C403,2024-03-21,전화,해지문의,25,완료,N,AG16
CON1065,C403,2024-08-06,이메일,명의변경,,미해결,N,AG03
CON1066,C404,2024-09-18,이메일,부가서비스,,완료,N,AG11
CON1067,C405,2024-09-12,전화,해지문의,20,완료,N,AG08
CON1068,C405,2024-02-08,전화,장애신고,23,완료,N,AG10
CON1069,C405,2024-10-15,채팅,해지문의,6,완료,Y,AG09
CON1070,C405,2024-11-23,이메일,장애신고,,완료,N,AG19
CON1071,C406,2024-02-14,채팅,해지문의,9,완료,Y,AG18
CON1072,C406,2024-12-22,앱,장애신고,4,미해결,N,AG06
CON1073,C406,2024-03-14,채팅,장애신고,5,미해결,N,AG11
CON1074,C407,2024-01-01,전화,장애신고,10,완료,N,AG04
CON1075,C407,2024-12-25,채팅,명의변경,4,재문의,N,AG01
CON1076,C408,2024-12-03,채팅,장애신고,4,미해결,N,AG05
CON1077,C408,2024-08-11,이메일,장애신고,,재문의,N,AG14
CON1078,C410,2024-05-01,전화,요금문의,22,완료,N,AG05
CON1079,C410,2024-03-26,전화,부가서비스,15,완료,N,AG10
CON1080,C410,2024-12-19,채팅,요금문의,8,완료,Y,AG16
CON1081,C410,2024-08-24,전화,해지문의,29,완료,Y,AG10
CON1082,C411,2024-09-12,채팅,장애신고,11,완료,N,AG05
CON1083,C411,2024-05-05,앱,요금문의,4,완료,N,AG18
CON1084,C412,2024-01-07,전화,요금문의,29,완료,N,AG04
CON1085,C412,2024-09-02,전화,해지문의,19,완료,N,AG16
CON1086,C412,2024-12-10,전화,요금문의,16,완료,N,AG06
CON1087,C412,2024-07-11,앱,부가서비스,9,완료,Y,AG07
CON1088,C413,2024-02-22,이메일,장애신고,,재문의,N,AG01
CON1089,C413,2024-02-17,이메일,요금문의,,미해결,N,AG15
CON1090,C414,2024-08-12,전화,부가서비스,16,미해결,N,AG18
CON1091,C414,2024-11-22,채팅,기타,8,완료,Y,AG20
CON1092,C415,2024-03-07,전화,부가서비스,20,완료,N,AG09
CON1093,C416,2024-05-12,이메일,명의변경,,완료,N,AG01
CON1094,C417,2024-01-07,채팅,요금문의,7,미해결,N,AG14
CON1095,C418,2024-05-17,전화,장애신고,16,재문의,N,AG14
CON1096,C418,2024-05-11,채팅,명의변경,12,미해결,N,AG12
CON1097,C418,2024-05-19,채팅,해지문의,9,완료,N,AG07
CON1098,C418,2024-06-25,전화,요금문의,14,완료,N,AG16
CON1099,C418,2024-05-30,채팅,부가서비스,13,재문의,N,AG12
CON1100,C419,2024-06-18,전화,장애신고,17,완료,N,AG12
CON1101,C419,2024-11-24,전화,명의변경,19,재문의,Y,AG20
CON1102,C419,2024-01-22,채팅,해지문의,10,완료,N,AG13
CON1103,C419,2024-03-06,전화,기타,20,재문의,N,AG20
CON1104,C420,2024-09-21,이메일,부가서비스,,완료,Y,AG03
CON1105,C420,2024-12-06,채팅,기타,6,미해결,N,AG04
CON1106,C420,2024-06-10,전화,명의변경,19,완료,N,AG02
CON1107,C421,2024-12-24,앱,기타,7,재문의,Y,AG01
CON1108,C421,2024-12-06,채팅,요금문의,9,완료,N,AG06
CON1109,C422,2024-07-10,이메일,기타,,재문의,Y,AG01
CON1110,C422,2024-09-17,채팅,요금문의,5,완료,Y,AG06
CON1111,C422,2024-12-08,전화,요금문의,25,완료,N,AG12
CON1112,C423,2024-08-07,전화,장애신고,22,완료,N,AG19
CON1113,C423,2024-10-07,채팅,요금문의,7,완료,N,AG13
CON1114,C423,2024-10-27,전화,요금문의,27,완료,N,AG20
CON1115,C423,2024-03-05,전화,요금문의,9,재문의,Y,AG03
CON1116,C424,2024-11-22,이메일,요금문의,,완료,Y,AG09
CON1117,C424,2024-02-09,전화,기타,17,완료,N,AG12
CON1118,C424,2024-08-16,전화,요금문의,12,완료,Y,AG08
CON1119,C425,2024-10-13,앱,요금문의,9,완료,N,AG14
CON1120,C425,2024-11-18,전화,명의변경,12,완료,Y,AG06
CON1121,C425,2024-12-31,이메일,요금문의,,완료,N,AG17
CON1122,C426,2024-10-31,채팅,요금문의,10,완료,N,AG18
CON1123,C426,2024-03-03,채팅,해지문의,9,미해결,N,AG09
CON1124,C427,2024-05-19,전화,요금문의,12,완료,N,AG12
CON1125,C427,2024-05-05,전화,장애신고,11,완료,N,AG14
CON1126,C427,2024-02-20,앱,장애신고,5,미해결,N,AG09
CON1127,C427,2024-06-02,전화,요금문의,19,완료,N,AG15
CON1128,C428,2024-10-21,채팅,해지문의,8,미해결,N,AG08
CON1129,C428,2024-11-23,전화,부가서비스,23,미해결,N,AG18
CON1130,C428,2024-11-06,채팅,요금문의,6,미해결,Y,AG02
CON1131,C429,2024-05-03,전화,해지문의,23,완료,N,AG12
CON1132,C430,2024-01-30,채팅,요금문의,11,재문의,Y,AG14
CON1133,C430,2024-09-24,채팅,해지문의,8,완료,Y,AG14
CON1134,C430,2024-09-27,이메일,요금문의,,완료,N,AG13
CON1135,C430,2024-12-09,채팅,명의변경,6,완료,Y,AG12
CON1136,C431,2024-01-23,전화,기타,11,완료,N,AG09
CON1137,C431,2024-09-06,채팅,요금문의,7,완료,N,AG15
CON1138,C431,2024-10-16,이메일,요금문의,,재문의,N,AG02
CON1139,C431,2024-08-03,채팅,부가서비스,9,완료,N,AG10
CON1140,C432,2024-02-24,전화,요금문의,24,완료,N,AG20
CON1141,C432,2024-06-17,전화,장애신고,20,완료,Y,AG05
CON1142,C433,2024-09-10,채팅,해지문의,3,미해결,N,AG15
CON1143,C433,2024-01-15,채팅,장애신고,7,재문의,Y,AG20
CON1144,C433,2024-02-17,전화,기타,15,미해결,N,AG11
CON1145,C434,2024-12-13,채팅,명의변경,9,완료,N,AG05
CON1146,C434,2024-05-20,앱,해지문의,7,완료,N,AG11
CON1147,C434,2024-01-29,채팅,요금문의,14,재문의,N,AG09
CON1148,C435,2024-07-16,채팅,장애신고,3,미해결,N,AG19
CON1149,C436,2024-11-05,채팅,요금문의,4,완료,Y,AG14
CON1150,C436,2024-09-02,채팅,요금문의,11,완료,Y,AG15
CON1151,C436,2024-08-07,이메일,부가서비스,,미해결,N,AG02
CON1152,C437,2024-09-19,채팅,해지문의,7,완료,Y,AG13
CON1153,C437,2024-07-09,앱,명의변경,7,미해결,N,AG04
CON1154,C437,2024-03-08,이메일,기타,,완료,N,AG08
CON1155,C437,2024-10-31,채팅,해지문의,4,재문의,N,AG09
CON1156,C438,2024-12-10,전화,요금문의,29,완료,N,AG17
CON1157,C439,2024-06-29,채팅,장애신고,11,완료,N,AG11
CON1158,C439,2024-08-14,이메일,요금문의,,완료,N,AG02
CON1159,C439,2024-07-09,이메일,장애신고,,완료,N,AG07
CON1160,C439,2024-01-27,채팅,요금문의,6,완료,N,AG08
CON1161,C440,2024-07-11,앱,요금문의,4,완료,Y,AG08
CON1162,C440,2024-07-25,채팅,요금문의,9,미해결,N,AG05
CON1163,C441,2024-05-16,앱,해지문의,8,미해결,N,AG16
CON1164,C441,2024-10-24,채팅,장애신고,8,완료,N,AG09
CON1165,C441,2024-10-28,전화,부가서비스,14,미해결,N,AG18
CON1166,C442,2024-07-06,이메일,부가서비스,,미해결,Y,AG14
CON1167,C442,2024-06-25,채팅,부가서비스,5,완료,Y,AG14
CON1168,C443,2024-12-28,전화,요금문의,9,완료,N,AG12
CON1169,C444,2024-03-21,전화,장애신고,10,완료,N,AG19
CON1170,C444,2024-08-08,전화,요금문의,12,완료,N,AG08
CON1171,C445,2024-03-14,채팅,명의변경,9,완료,N,AG14
CON1172,C445,2024-10-11,전화,장애신고,22,완료,N,AG05
CON1173,C445,2024-03-26,이메일,장애신고,,미해결,Y,AG15
CON1174,C446,2024-09-22,전화,요금문의,14,완료,N,AG13
CON1175,C446,2024-04-02,이메일,해지문의,,미해결,N,AG20
CON1176,C446,2024-06-26,앱,요금문의,7,완료,N,AG05
CON1177,C447,2024-03-18,전화,요금문의,8,완료,N,AG19
CON1178,C447,2024-11-12,채팅,부가서비스,10,미해결,N,AG15
CON1179,C447,2024-04-07,채팅,요금문의,9,완료,N,AG05
CON1180,C447,2024-07-04,전화,요금문의,14,완료,N,AG11
CON1181,C448,2024-02-08,전화,해지문의,30,완료,N,AG19
CON1182,C448,2024-10-29,이메일,요금문의,,미해결,N,AG09
CON1183,C449,2024-10-26,앱,장애신고,3,완료,N,AG12
CON1184,C449,2024-10-28,전화,부가서비스,29,완료,N,AG07
CON1185,C449,2024-10-13,전화,부가서비스,23,미해결,N,AG12
CON1186,C449,2024-10-08,이메일,요금문의,,재문의,N,AG18
CON1187,C449,2024-11-16,앱,부가서비스,3,완료,N,AG07
CON1188,C449,2024-10-22,채팅,요금문의,8,미해결,N,AG08
CON1189,C450,2024-02-19,전화,요금문의,16,완료,Y,AG17
CON1190,C450,2024-03-12,전화,요금문의,21,완료,N,AG07
CON1191,C451,2024-12-08,채팅,명의변경,13,완료,Y,AG17
CON1192,C451,2024-08-11,채팅,해지문의,7,완료,N,AG06
CON1193,C451,2024-08-07,채팅,부가서비스,8,완료,N,AG18
CON1194,C451,2024-10-05,전화,요금문의,28,완료,N,AG09
CON1195,C452,2024-03-28,전화,요금문의,12,완료,N,AG04
CON1196,C452,2024-12-09,전화,해지문의,25,완료,N,AG06
CON1197,C453,2024-08-23,이메일,요금문의,,완료,Y,AG19
CON1198,C453,2024-08-14,채팅,부가서비스,5,완료,N,AG04
CON1199,C454,2024-02-10,전화,요금문의,12,미해결,Y,AG16
CON1200,C454,2024-11-27,전화,요금문의,18,완료,N,AG06
CON1201,C454,2024-03-09,채팅,장애신고,13,미해결,N,AG05
CON1202,C454,2024-10-21,채팅,부가서비스,5,미해결,N,AG05
CON1203,C455,2024-09-27,이메일,기타,,완료,N,AG15
CON1204,C455,2024-10-04,채팅,요금문의,6,미해결,N,AG16
CON1205,C455,2024-08-31,채팅,부가서비스,6,완료,N,AG15
CON1206,C456,2024-10-31,전화,장애신고,21,완료,N,AG06
CON1207,C456,2024-10-23,전화,명의변경,24,완료,N,AG14
CON1208,C456,2024-10-16,전화,장애신고,17,완료,N,AG15
CON1209,C457,2024-10-25,채팅,장애신고,13,완료,Y,AG14
CON1210,C457,2024-04-13,이메일,해지문의,,완료,N,AG05
CON1211,C457,2024-07-12,이메일,요금문의,,완료,N,AG13
CON1212,C458,2024-02-03,전화,해지문의,21,완료,N,AG04
CON1213,C459,2024-06-30,채팅,기타,11,완료,N,AG06
CON1214,C460,2024-04-03,채팅,부가서비스,10,완료,N,AG12
CON1215,C461,2024-06-05,전화,요금문의,18,완료,N,AG05
CON1216,C461,2024-05-21,이메일,명의변경,,미해결,N,AG15
CON1217,C461,2024-09-15,전화,부가서비스,19,완료,N,AG05
CON1218,C461,2024-04-29,전화,부가서비스,15,완료,Y,AG02
CON1219,C462,2024-10-17,전화,장애신고,17,완료,N,AG13
CON1220,C463,2024-08-02,이메일,부가서비스,,미해결,N,AG02
CON1221,C463,2024-02-23,채팅,장애신고,7,완료,Y,AG11
CON1222,C463,2024-10-31,전화,부가서비스,17,완료,N,AG15
CON1223,C464,2024-02-07,채팅,부가서비스,6,완료,N,AG08
CON1224,C465,2024-03-25,채팅,기타,14,완료,N,AG09
CON1225,C465,2024-07-09,앱,명의변경,5,완료,N,AG19
CON1226,C465,2024-03-20,채팅,요금문의,11,완료,Y,AG02
CON1227,C465,2024-11-02,이메일,해지문의,,재문의,N,AG02
CON1228,C466,2024-08-19,전화,기타,27,완료,N,AG09
CON1229,C466,2024-07-17,앱,기타,5,완료,Y,AG18
CON1230,C466,2024-06-27,이메일,부가서비스,,미해결,N,AG17
CON1231,C466,2024-12-17,전화,장애신고,11,완료,Y,AG20
CON1232,C467,2024-03-07,채팅,기타,6,완료,N,AG07
CON1233,C467,2024-07-07,전화,장애신고,27,완료,N,AG16
CON1234,C468,2024-08-11,전화,요금문의,17,완료,N,AG02
CON1235,C468,2024-01-17,앱,장애신고,8,완료,N,AG17
CON1236,C468,2024-12-06,앱,해지문의,6,완료,Y,AG05
CON1237,C469,2024-12-25,채팅,요금문의,7,완료,Y,AG20
CON1238,C470,2024-07-22,전화,장애신고,16,미해결,Y,AG06
CON1239,C470,2024-02-29,채팅,장애신고,14,완료,Y,AG06
CON1240,C470,2024-06-16,전화,요금문의,10,재문의,N,AG13
CON1241,C470,2024-07-04,채팅,요금문의,10,미해결,N,AG13
CON1242,C471,2024-09-13,채팅,부가서비스,5,완료,N,AG08
CON1243,C472,2024-09-24,앱,장애신고,11,완료,N,AG02
CON1244,C472,2024-05-04,전화,해지문의,23,완료,N,AG02
CON1245,C472,2024-01-18,전화,해지문의,20,완료,N,AG11
CON1246,C472,2024-03-05,이메일,부가서비스,,완료,Y,AG15
CON1247,C473,2024-11-24,채팅,장애신고,9,미해결,N,AG03
CON1248,C473,2024-10-10,이메일,요금문의,,미해결,Y,AG13
CON1249,C474,2024-07-19,전화,요금문의,16,완료,N,AG19
CON1250,C474,2024-06-28,채팅,해지문의,4,재문의,N,AG11
CON1251,C475,2024-04-27,채팅,요금문의,12,재문의,N,AG03
CON1252,C475,2024-05-20,전화,장애신고,21,완료,Y,AG10
CON1253,C476,2024-10-19,전화,장애신고,20,재문의,N,AG07
CON1254,C476,2024-10-30,전화,요금문의,14,완료,Y,AG13
CON1255,C476,2024-08-19,이메일,요금문의,,완료,N,AG05
CON1256,C476,2024-08-26,전화,장애신고,7,완료,N,AG12
CON1257,C477,2024-07-21,전화,부가서비스,9,완료,N,AG02
CON1258,C477,2024-02-21,전화,요금문의,21,재문의,N,AG10
CON1259,C478,2024-03-29,채팅,요금문의,5,완료,N,AG15
CON1260,C478,2024-09-23,채팅,해지문의,4,완료,N,AG20
CON1261,C479,2024-11-13,이메일,해지문의,,미해결,N,AG03
CON1262,C480,2024-02-19,전화,명의변경,16,완료,N,AG01
CON1263,C480,2024-11-06,전화,요금문의,14,완료,N,AG03
CON1264,C481,2024-10-29,전화,장애신고,19,완료,N,AG11
CON1265,C482,2024-12-12,앱,장애신고,8,미해결,N,AG03
CON1266,C483,2024-04-28,채팅,장애신고,5,완료,N,AG09
CON1267,C483,2024-08-18,전화,장애신고,19,재문의,N,AG14
CON1268,C483,2024-08-13,채팅,요금문의,17,미해결,Y,AG05
CON1269,C485,2024-06-09,전화,기타,19,완료,N,AG03
CON1270,C485,2024-11-09,채팅,장애신고,8,미해결,N,AG11
CON1271,C487,2024-06-14,채팅,부가서비스,12,완료,N,AG20
CON1272,C487,2024-05-31,이메일,해지문의,,미해결,N,AG08
CON1273,C487,2024-06-11,채팅,기타,8,완료,N,AG18
CON1274,C487,2024-06-18,전화,해지문의,7,재문의,N,AG08
CON1275,C487,2024-06-10,채팅,명의변경,7,완료,N,AG02
CON1276,C488,2024-04-18,채팅,해지문의,13,미해결,Y,AG09
CON1277,C488,2024-06-26,앱,해지문의,6,완료,N,AG04
CON1278,C488,2024-02-04,앱,해지문의,7,완료,Y,AG19
CON1279,C489,2024-09-11,채팅,요금문의,6,완료,N,AG17
CON1280,C489,2024-08-11,채팅,요금문의,13,미해결,N,AG01
CON1281,C490,2024-08-25,채팅,요금문의,10,완료,N,AG04
CON1282,C490,2024-03-28,채팅,해지문의,10,재문의,Y,AG05
CON1283,C490,2024-11-11,채팅,장애신고,8,재문의,N,AG09
CON1284,C490,2024-02-12,앱,명의변경,8,완료,N,AG07
CON1285,C491,2024-05-24,이메일,해지문의,,완료,N,AG19
CON1286,C491,2024-01-24,이메일,요금문의,,미해결,Y,AG15
CON1287,C491,2024-06-25,전화,부가서비스,23,완료,N,AG11
CON1288,C492,2024-12-07,채팅,요금문의,5,완료,N,AG09
CON1289,C492,2024-04-27,채팅,기타,10,재문의,N,AG01
CON1290,C492,2024-02-08,전화,부가서비스,22,완료,N,AG17
CON1291,C492,2024-12-30,채팅,요금문의,0,완료,N,AG19
CON1292,C493,2024-07-31,전화,명의변경,16,완료,N,AG01
CON1293,C493,2024-08-06,채팅,장애신고,11,완료,N,AG16
CON1294,C493,2024-07-29,전화,부가서비스,18,완료,N,AG14
CON1295,C493,2024-08-26,이메일,해지문의,,재문의,N,AG13
CON1296,C493,2024-07-31,채팅,해지문의,8,미해결,Y,AG10
CON1297,C493,2024-08-30,전화,기타,19,완료,N,AG05
CON1298,C494,2024-09-03,전화,해지문의,29,재문의,N,AG01
CON1299,C494,2024-08-15,이메일,요금문의,,미해결,N,AG14
CON1300,C494,2024-08-10,전화,요금문의,20,완료,N,AG08
CON1301,C494,2024-09-13,앱,요금문의,5,완료,N,AG01
CON1302,C494,2024-08-30,이메일,부가서비스,,완료,N,AG11
CON1303,C494,2024-09-13,채팅,해지문의,11,재문의,N,AG18
CON1304,C494,2024-08-18,앱,장애신고,5,완료,N,AG02
CON1305,C495,2024-05-17,전화,요금문의,20,재문의,N,AG18
CON1306,C495,2024-08-30,채팅,부가서비스,12,재문의,N,AG07
CON1307,C495,2024-04-03,전화,명의변경,13,완료,N,AG12
CON1308,C496,2024-11-22,이메일,장애신고,,미해결,N,AG13
CON1309,C497,2024-05-09,전화,해지문의,13,완료,Y,AG05
CON1310,C497,2024-02-20,앱,기타,9,완료,N,AG03
CON1311,C498,2024-07-28,전화,장애신고,12,재문의,Y,AG20
CON1312,C498,2024-07-03,채팅,해지문의,1,완료,N,AG07
CON1313,C498,2024-04-25,채팅,장애신고,7,완료,N,AG09
CON1314,C498,2024-01-24,채팅,명의변경,4,완료,N,AG01
CON1315,C499,2024-12-14,이메일,기타,,미해결,Y,AG12
CON1316,C499,2024-10-29,이메일,기타,,재문의,Y,AG05
CON1317,C499,2024-05-11,전화,요금문의,7,완료,N,AG19
CON1318,C499,2024-02-16,전화,요금문의,14,완료,Y,AG05
CON1319,C500,2024-12-30,전화,요금문의,21,완료,N,AG05
CON1320,C500,2024-02-20,채팅,기타,8,미해결,N,AG02
